{
    "config": "/home/sidd_s/Diffusion_conditional_prior_segmentation/DDP/segmentation/configs/nightdriving/ddp_convnext_l_4x4_512x1024_test_nightdriving.py",
    "metric": {
        "aAcc": 0.8676999999999999,
        "mIoU": 0.5224,
        "mAcc": 0.7186,
        "IoU.road": 0.9033000183105468,
        "IoU.sidewalk": 0.6079999923706054,
        "IoU.building": 0.8145999908447266,
        "IoU.wall": 0.2621999931335449,
        "IoU.fence": 0.014199999570846557,
        "IoU.pole": 0.6268999862670899,
        "IoU.traffic light": 0.7429000091552734,
        "IoU.traffic sign": 0.7745999908447265,
        "IoU.vegetation": 0.3958000183105469,
        "IoU.terrain": 0.0,
        "IoU.sky": 0.6869999694824219,
        "IoU.person": 0.6504000091552734,
        "IoU.rider": 0.3593000030517578,
        "IoU.car": 0.7058000183105468,
        "IoU.truck": 0.41509998321533204,
        "IoU.bus": 0.8616000366210937,
        "IoU.train": 0.705999984741211,
        "IoU.motorcycle": 0.0,
        "IoU.bicycle": 0.3972999954223633,
        "Acc.road": 0.9606999969482422,
        "Acc.sidewalk": 0.6513999938964844,
        "Acc.building": 0.8669999694824219,
        "Acc.wall": 0.2802000045776367,
        "Acc.fence": 0.25559999465942385,
        "Acc.pole": 0.7222000122070312,
        "Acc.traffic light": 0.7859999847412109,
        "Acc.traffic sign": 0.8316000366210937,
        "Acc.vegetation": 0.9005000305175781,
        "Acc.terrain": NaN,
        "Acc.sky": 0.8037999725341797,
        "Acc.person": 0.7762000274658203,
        "Acc.rider": 0.6919000244140625,
        "Acc.car": 0.8644000244140625,
        "Acc.truck": 0.5822999954223633,
        "Acc.bus": 0.9619999694824218,
        "Acc.train": 0.7241999816894531,
        "Acc.motorcycle": NaN,
        "Acc.bicycle": 0.5563999938964844
    }
}