{
    "config": "/home/sidd_s/Diffusion_conditional_prior_segmentation/DDP/segmentation/configs/cityscapesfoggy/ddp_convnext_l_4x4_1024x2048_test_cityscapesfoggy.py",
    "metric": {
        "aAcc": 0.9584,
        "mIoU": 0.8084,
        "mAcc": 0.8631,
        "IoU.road": 0.9843000030517578,
        "IoU.sidewalk": 0.8758999633789063,
        "IoU.building": 0.9001000213623047,
        "IoU.wall": 0.5454000091552734,
        "IoU.fence": 0.6259000015258789,
        "IoU.pole": 0.6930000305175781,
        "IoU.traffic light": 0.7298999786376953,
        "IoU.traffic sign": 0.827699966430664,
        "IoU.vegetation": 0.900199966430664,
        "IoU.terrain": 0.6738999938964844,
        "IoU.sky": 0.9080999755859375,
        "IoU.person": 0.8469000244140625,
        "IoU.rider": 0.6876999664306641,
        "IoU.car": 0.957699966430664,
        "IoU.truck": 0.8369000244140625,
        "IoU.bus": 0.9363999938964844,
        "IoU.train": 0.8636000061035156,
        "IoU.motorcycle": 0.7461000061035157,
        "IoU.bicycle": 0.8197000122070313,
        "Acc.road": 0.9923000335693359,
        "Acc.sidewalk": 0.9366999816894531,
        "Acc.building": 0.9719000244140625,
        "Acc.wall": 0.5979000091552734,
        "Acc.fence": 0.6851000213623046,
        "Acc.pole": 0.7783999633789063,
        "Acc.traffic light": 0.8063999938964844,
        "Acc.traffic sign": 0.8787999725341797,
        "Acc.vegetation": 0.935,
        "Acc.terrain": 0.7430000305175781,
        "Acc.sky": 0.9630000305175781,
        "Acc.person": 0.9166000366210938,
        "Acc.rider": 0.7802999877929687,
        "Acc.car": 0.9786000061035156,
        "Acc.truck": 0.864800033569336,
        "Acc.bus": 0.9491000366210938,
        "Acc.train": 0.8794999694824219,
        "Acc.motorcycle": 0.8330999755859375,
        "Acc.bicycle": 0.9087999725341797
    }
}