{
    "config": "/home/sidd_s/Diffusion_conditional_prior_segmentation/DDP/segmentation/configs/foggyzurich/ddp_convnext_l_4x4_1080x1920_test_foggyzurich.py",
    "metric": {
        "aAcc": 0.8667,
        "mIoU": 0.46240000000000003,
        "mAcc": 0.5925,
        "IoU.road": 0.889000015258789,
        "IoU.sidewalk": 0.5768000030517578,
        "IoU.building": 0.5829999923706055,
        "IoU.wall": 0.35959999084472655,
        "IoU.fence": 0.3090999984741211,
        "IoU.pole": 0.5268000030517578,
        "IoU.traffic light": 0.6322999954223633,
        "IoU.traffic sign": 0.6441000366210937,
        "IoU.vegetation": 0.7308000183105469,
        "IoU.terrain": 0.5743999862670899,
        "IoU.sky": 0.9055000305175781,
        "IoU.person": 0.04929999828338623,
        "IoU.rider": 0.27600000381469725,
        "IoU.car": 0.8211000061035156,
        "IoU.truck": 0.0,
        "IoU.bus": 0.37869998931884763,
        "IoU.train": 0.0,
        "IoU.motorcycle": 0.529000015258789,
        "IoU.bicycle": 0.0,
        "Acc.road": 0.9516999816894531,
        "Acc.sidewalk": 0.6919000244140625,
        "Acc.building": 0.9197000122070312,
        "Acc.wall": 0.39790000915527346,
        "Acc.fence": 0.32790000915527345,
        "Acc.pole": 0.647300033569336,
        "Acc.traffic light": 0.7298999786376953,
        "Acc.traffic sign": 0.7955999755859375,
        "Acc.vegetation": 0.8344000244140625,
        "Acc.terrain": 0.8308999633789063,
        "Acc.sky": 0.933499984741211,
        "Acc.person": 0.09109999656677246,
        "Acc.rider": 0.42369998931884767,
        "Acc.car": 0.9287000274658204,
        "Acc.truck": 0.0,
        "Acc.bus": 0.39049999237060545,
        "Acc.train": NaN,
        "Acc.motorcycle": 0.7694000244140625,
        "Acc.bicycle": 0.0
    }
}