{
    "config": "/home/sidd_s/Diffusion_conditional_prior_segmentation/DDP/segmentation/configs/foggyzurich/ddp_convnext_l_4x4_1080x1920_test_foggyzurich.py",
    "metric": {
        "aAcc": 0.8805,
        "mIoU": 0.4855,
        "mAcc": 0.638,
        "IoU.road": 0.8795999908447265,
        "IoU.sidewalk": 0.5384000015258789,
        "IoU.building": 0.6623999786376953,
        "IoU.wall": 0.3340000152587891,
        "IoU.fence": 0.3493000030517578,
        "IoU.pole": 0.5754999923706055,
        "IoU.traffic light": 0.6558000183105469,
        "IoU.traffic sign": 0.6618000030517578,
        "IoU.vegetation": 0.7745999908447265,
        "IoU.terrain": 0.36450000762939455,
        "IoU.sky": 0.935199966430664,
        "IoU.person": 0.0934000015258789,
        "IoU.rider": 0.3981999969482422,
        "IoU.car": 0.8355999755859375,
        "IoU.truck": 0.02059999942779541,
        "IoU.bus": 0.6526000213623047,
        "IoU.train": 0.0,
        "IoU.motorcycle": 0.4933000183105469,
        "IoU.bicycle": 0.0,
        "Acc.road": 0.9211000061035156,
        "Acc.sidewalk": 0.6395999908447265,
        "Acc.building": 0.9037000274658203,
        "Acc.wall": 0.3665999984741211,
        "Acc.fence": 0.3654999923706055,
        "Acc.pole": 0.694800033569336,
        "Acc.traffic light": 0.7705000305175781,
        "Acc.traffic sign": 0.8240000152587891,
        "Acc.vegetation": 0.9033000183105468,
        "Acc.terrain": 0.9138999938964844,
        "Acc.sky": 0.9623999786376953,
        "Acc.person": 0.20709999084472655,
        "Acc.rider": 0.5786999893188477,
        "Acc.car": 0.9413999938964843,
        "Acc.truck": 0.0352999997138977,
        "Acc.bus": 0.7383999633789062,
        "Acc.train": NaN,
        "Acc.motorcycle": 0.7173999786376953,
        "Acc.bicycle": 0.0
    }
}