{
    "config": "/home/sidd_s/Diffusion_conditional_prior_segmentation/DDP/segmentation/configs/foggyzurich/ddp_convnext_l_4x4_1080x1920_test_foggyzurich.py",
    "metric": {
        "aAcc": 0.877,
        "mIoU": 0.4757,
        "mAcc": 0.6204999999999999,
        "IoU.road": 0.882300033569336,
        "IoU.sidewalk": 0.5131000137329101,
        "IoU.building": 0.6486000061035156,
        "IoU.wall": 0.3738000106811523,
        "IoU.fence": 0.3738000106811523,
        "IoU.pole": 0.5211000061035156,
        "IoU.traffic light": 0.6438999938964843,
        "IoU.traffic sign": 0.6562999725341797,
        "IoU.vegetation": 0.7594000244140625,
        "IoU.terrain": 0.44669998168945313,
        "IoU.sky": 0.9216999816894531,
        "IoU.person": 0.06949999809265137,
        "IoU.rider": 0.27680000305175784,
        "IoU.car": 0.8423000335693359,
        "IoU.truck": 0.0037000000476837156,
        "IoU.bus": 0.5688000106811524,
        "IoU.train": 0.0,
        "IoU.motorcycle": 0.5213999938964844,
        "IoU.bicycle": 0.014700000286102294,
        "Acc.road": 0.9205999755859375,
        "Acc.sidewalk": 0.6780999755859375,
        "Acc.building": 0.8908000183105469,
        "Acc.wall": 0.41810001373291017,
        "Acc.fence": 0.40110000610351565,
        "Acc.pole": 0.6288999938964843,
        "Acc.traffic light": 0.7593000030517578,
        "Acc.traffic sign": 0.8106999969482422,
        "Acc.vegetation": 0.8802999877929687,
        "Acc.terrain": 0.9066000366210938,
        "Acc.sky": 0.9562999725341796,
        "Acc.person": 0.14600000381469727,
        "Acc.rider": 0.3616999816894531,
        "Acc.car": 0.9391000366210938,
        "Acc.truck": 0.010900000333786011,
        "Acc.bus": 0.6368999862670899,
        "Acc.train": NaN,
        "Acc.motorcycle": 0.7793000030517578,
        "Acc.bicycle": 0.04409999847412109
    }
}