{
    "config": "configs/darkzurich/ddp_convnext_l_4x4_1080x1920_test_darkzurich.py",
    "metric": {
        "aAcc": 0.6351,
        "mIoU": 0.3062,
        "mAcc": 0.4501,
        "IoU.road": 0.7597000122070312,
        "IoU.sidewalk": 0.4663999938964844,
        "IoU.building": 0.5088999938964843,
        "IoU.wall": 0.10470000267028809,
        "IoU.fence": 0.44869998931884764,
        "IoU.pole": 0.3127000045776367,
        "IoU.traffic light": 0.5313999938964844,
        "IoU.traffic sign": 0.283799991607666,
        "IoU.vegetation": 0.5047000122070312,
        "IoU.terrain": 0.21729999542236328,
        "IoU.sky": 0.0571999979019165,
        "IoU.person": 0.2909000015258789,
        "IoU.rider": 0.3365999984741211,
        "IoU.car": 0.5115999984741211,
        "IoU.truck": 0.0,
        "IoU.bus": 0.0,
        "IoU.train": 0.0,
        "IoU.motorcycle": 0.16020000457763672,
        "IoU.bicycle": 0.3233000183105469,
        "Acc.road": 0.9833999633789062,
        "Acc.sidewalk": 0.5320999908447266,
        "Acc.building": 0.93,
        "Acc.wall": 0.10619999885559082,
        "Acc.fence": 0.4866999816894531,
        "Acc.pole": 0.43200000762939456,
        "Acc.traffic light": 0.6343999862670898,
        "Acc.traffic sign": 0.3129999923706055,
        "Acc.vegetation": 0.802300033569336,
        "Acc.terrain": 0.23719999313354492,
        "Acc.sky": 0.05730000019073486,
        "Acc.person": 0.40049999237060546,
        "Acc.rider": 0.43029998779296874,
        "Acc.car": 0.7711000061035156,
        "Acc.truck": NaN,
        "Acc.bus": NaN,
        "Acc.train": 0.0,
        "Acc.motorcycle": 0.1752000045776367,
        "Acc.bicycle": 0.35939998626708985
    }
}