{
    "config": "configs/darkzurich/ddp_convnext_l_4x4_1080x1920_test_darkzurich.py",
    "metric": {
        "aAcc": 0.6847,
        "mIoU": 0.3446,
        "mAcc": 0.4991,
        "IoU.road": 0.909000015258789,
        "IoU.sidewalk": 0.5986999893188476,
        "IoU.building": 0.6455999755859375,
        "IoU.wall": 0.07480000019073486,
        "IoU.fence": 0.49590000152587893,
        "IoU.pole": 0.3590999984741211,
        "IoU.traffic light": 0.5027999877929688,
        "IoU.traffic sign": 0.23760000228881836,
        "IoU.vegetation": 0.4281999969482422,
        "IoU.terrain": 0.2571999931335449,
        "IoU.sky": 0.16760000228881836,
        "IoU.person": 0.2784000015258789,
        "IoU.rider": 0.35819999694824217,
        "IoU.car": 0.689800033569336,
        "IoU.truck": 0.0,
        "IoU.bus": 0.0,
        "IoU.train": 0.0,
        "IoU.motorcycle": 0.1793000030517578,
        "IoU.bicycle": 0.3659999847412109,
        "Acc.road": 0.9705999755859375,
        "Acc.sidewalk": 0.7023000335693359,
        "Acc.building": 0.8812000274658203,
        "Acc.wall": 0.07630000114440919,
        "Acc.fence": 0.622599983215332,
        "Acc.pole": 0.5047999954223633,
        "Acc.traffic light": 0.6358000183105469,
        "Acc.traffic sign": 0.25360000610351563,
        "Acc.vegetation": 0.9094000244140625,
        "Acc.terrain": 0.43020000457763674,
        "Acc.sky": 0.16950000762939454,
        "Acc.person": 0.41619998931884766,
        "Acc.rider": 0.4441999816894531,
        "Acc.car": 0.824800033569336,
        "Acc.truck": NaN,
        "Acc.bus": NaN,
        "Acc.train": 0.0,
        "Acc.motorcycle": 0.20350000381469727,
        "Acc.bicycle": 0.4388000106811523
    }
}