{
    "config": "configs/darkzurich/ddp_convnext_l_4x4_1080x1920_test_darkzurich.py",
    "metric": {
        "aAcc": 0.6759999999999999,
        "mIoU": 0.3274,
        "mAcc": 0.4869,
        "IoU.road": 0.8555999755859375,
        "IoU.sidewalk": 0.5852999877929688,
        "IoU.building": 0.6779000091552735,
        "IoU.wall": 0.14300000190734863,
        "IoU.fence": 0.44880001068115233,
        "IoU.pole": 0.39990001678466797,
        "IoU.traffic light": 0.49200000762939455,
        "IoU.traffic sign": 0.2990999984741211,
        "IoU.vegetation": 0.4375,
        "IoU.terrain": 0.22040000915527344,
        "IoU.sky": 0.09390000343322753,
        "IoU.person": 0.30620000839233397,
        "IoU.rider": 0.3252000045776367,
        "IoU.car": 0.4386999893188477,
        "IoU.truck": 0.0,
        "IoU.bus": 0.0,
        "IoU.train": 0.0,
        "IoU.motorcycle": 0.16260000228881835,
        "IoU.bicycle": 0.33419998168945314,
        "Acc.road": 0.9787000274658203,
        "Acc.sidewalk": 0.6863999938964844,
        "Acc.building": 0.9280000305175782,
        "Acc.wall": 0.15149999618530274,
        "Acc.fence": 0.4979999923706055,
        "Acc.pole": 0.5588999938964844,
        "Acc.traffic light": 0.6619999694824219,
        "Acc.traffic sign": 0.34169998168945315,
        "Acc.vegetation": 0.9262000274658203,
        "Acc.terrain": 0.24700000762939453,
        "Acc.sky": 0.0940999984741211,
        "Acc.person": 0.42880001068115237,
        "Acc.rider": 0.43340000152587893,
        "Acc.car": 0.7798000335693359,
        "Acc.truck": NaN,
        "Acc.bus": NaN,
        "Acc.train": 0.0,
        "Acc.motorcycle": 0.18149999618530274,
        "Acc.bicycle": 0.38099998474121094
    }
}