{
    "config": "configs/darkzurich/ddp_convnext_l_4x4_1080x1920_test_darkzurich.py",
    "metric": {
        "aAcc": 0.679,
        "mIoU": 0.3175,
        "mAcc": 0.4694,
        "IoU.road": 0.7905999755859375,
        "IoU.sidewalk": 0.4793000030517578,
        "IoU.building": 0.561500015258789,
        "IoU.wall": 0.11489999771118165,
        "IoU.fence": 0.44790000915527345,
        "IoU.pole": 0.35150001525878904,
        "IoU.traffic light": 0.4766999816894531,
        "IoU.traffic sign": 0.2869000053405762,
        "IoU.vegetation": 0.48200000762939454,
        "IoU.terrain": 0.183700008392334,
        "IoU.sky": 0.27680000305175784,
        "IoU.person": 0.27110000610351564,
        "IoU.rider": 0.3240999984741211,
        "IoU.car": 0.5004999923706055,
        "IoU.truck": 0.0,
        "IoU.bus": 0.0,
        "IoU.train": 0.0,
        "IoU.motorcycle": 0.17290000915527343,
        "IoU.bicycle": 0.31239999771118165,
        "Acc.road": 0.9747000122070313,
        "Acc.sidewalk": 0.5488999938964844,
        "Acc.building": 0.9047000122070312,
        "Acc.wall": 0.1184000015258789,
        "Acc.fence": 0.5163000106811524,
        "Acc.pole": 0.47709999084472654,
        "Acc.traffic light": 0.6695999908447265,
        "Acc.traffic sign": 0.3220000076293945,
        "Acc.vegetation": 0.7719000244140625,
        "Acc.terrain": 0.2959000015258789,
        "Acc.sky": 0.281299991607666,
        "Acc.person": 0.39549999237060546,
        "Acc.rider": 0.4229000091552734,
        "Acc.car": 0.7401999664306641,
        "Acc.truck": NaN,
        "Acc.bus": NaN,
        "Acc.train": 0.0,
        "Acc.motorcycle": 0.19329999923706054,
        "Acc.bicycle": 0.3475
    }
}