{
    "config": "configs/darkzurich/ddp_convnext_l_4x4_1080x1920_test_darkzurich.py",
    "metric": {
        "aAcc": 0.7143,
        "mIoU": 0.35090000000000005,
        "mAcc": 0.5036999999999999,
        "IoU.road": 0.8420999908447265,
        "IoU.sidewalk": 0.6622000122070313,
        "IoU.building": 0.5684999847412109,
        "IoU.wall": 0.118100004196167,
        "IoU.fence": 0.45060001373291014,
        "IoU.pole": 0.38630001068115233,
        "IoU.traffic light": 0.5204999923706055,
        "IoU.traffic sign": 0.2947999954223633,
        "IoU.vegetation": 0.663499984741211,
        "IoU.terrain": 0.32610000610351564,
        "IoU.sky": 0.17059999465942383,
        "IoU.person": 0.3072999954223633,
        "IoU.rider": 0.32979999542236327,
        "IoU.car": 0.535099983215332,
        "IoU.truck": 0.0,
        "IoU.bus": 0.0,
        "IoU.train": 0.0,
        "IoU.motorcycle": 0.15899999618530272,
        "IoU.bicycle": 0.33220001220703127,
        "Acc.road": 0.9901999664306641,
        "Acc.sidewalk": 0.7726999664306641,
        "Acc.building": 0.9697000122070313,
        "Acc.wall": 0.12859999656677246,
        "Acc.fence": 0.49470001220703125,
        "Acc.pole": 0.5406999969482422,
        "Acc.traffic light": 0.6433000183105468,
        "Acc.traffic sign": 0.3213999938964844,
        "Acc.vegetation": 0.9323999786376953,
        "Acc.terrain": 0.3511000061035156,
        "Acc.sky": 0.17079999923706055,
        "Acc.person": 0.41310001373291017,
        "Acc.rider": 0.42509998321533204,
        "Acc.car": 0.8706999969482422,
        "Acc.truck": NaN,
        "Acc.bus": NaN,
        "Acc.train": 0.0,
        "Acc.motorcycle": 0.17409999847412108,
        "Acc.bicycle": 0.36400001525878906
    }
}