{
    "config": "configs/darkzurich/ddp_convnext_l_4x4_1080x1920_test_darkzurich.py",
    "metric": {
        "aAcc": 0.6329,
        "mIoU": 0.1906,
        "mAcc": 0.25379999999999997,
        "IoU.road": 0.8991000366210937,
        "IoU.sidewalk": 0.6036000061035156,
        "IoU.building": 0.7713999938964844,
        "IoU.wall": 0.0056999999284744265,
        "IoU.fence": 0.4772999954223633,
        "IoU.pole": 0.006100000143051148,
        "IoU.traffic light": 0.0,
        "IoU.traffic sign": 0.0,
        "IoU.vegetation": 0.46,
        "IoU.terrain": 0.0033000001311302186,
        "IoU.sky": 0.0,
        "IoU.person": 0.0,
        "IoU.rider": 0.0,
        "IoU.car": 0.014099999666213989,
        "IoU.truck": NaN,
        "IoU.bus": NaN,
        "IoU.train": 0.0,
        "IoU.motorcycle": 0.0,
        "IoU.bicycle": 0.0,
        "Acc.road": 0.9818000030517579,
        "Acc.sidewalk": 0.7484999847412109,
        "Acc.building": 0.8604000091552735,
        "Acc.wall": 0.005799999833106995,
        "Acc.fence": 0.6093000030517578,
        "Acc.pole": 0.1477000045776367,
        "Acc.traffic light": 0.0,
        "Acc.traffic sign": 0.0,
        "Acc.vegetation": 0.9430000305175781,
        "Acc.terrain": 0.0033000001311302186,
        "Acc.sky": 0.0,
        "Acc.person": 0.0,
        "Acc.rider": 0.0,
        "Acc.car": 0.014199999570846557,
        "Acc.truck": NaN,
        "Acc.bus": NaN,
        "Acc.train": 0.0,
        "Acc.motorcycle": 0.0,
        "Acc.bicycle": 0.0
    }
}