{
    "config": "configs/darkzurich/ddp_convnext_l_4x4_1080x1920_test_darkzurich.py",
    "metric": {
        "aAcc": 0.7184,
        "mIoU": 0.35109999999999997,
        "mAcc": 0.5138,
        "IoU.road": 0.8504000091552735,
        "IoU.sidewalk": 0.5088000106811523,
        "IoU.building": 0.6416999816894531,
        "IoU.wall": 0.07239999771118164,
        "IoU.fence": 0.4841999816894531,
        "IoU.pole": 0.38610000610351564,
        "IoU.traffic light": 0.4311999893188477,
        "IoU.traffic sign": 0.2575,
        "IoU.vegetation": 0.4840999984741211,
        "IoU.terrain": 0.24809999465942384,
        "IoU.sky": 0.37009998321533205,
        "IoU.person": 0.278700008392334,
        "IoU.rider": 0.3840000152587891,
        "IoU.car": 0.670199966430664,
        "IoU.truck": 0.0,
        "IoU.bus": 0.0,
        "IoU.train": 0.0,
        "IoU.motorcycle": 0.1752000045776367,
        "IoU.bicycle": 0.42759998321533205,
        "Acc.road": 0.9741000366210938,
        "Acc.sidewalk": 0.582400016784668,
        "Acc.building": 0.8908999633789062,
        "Acc.wall": 0.07579999923706054,
        "Acc.fence": 0.638400001525879,
        "Acc.pole": 0.5131000137329101,
        "Acc.traffic light": 0.6313999938964844,
        "Acc.traffic sign": 0.2806999969482422,
        "Acc.vegetation": 0.8355999755859375,
        "Acc.terrain": 0.4383000183105469,
        "Acc.sky": 0.3834000015258789,
        "Acc.person": 0.4493000030517578,
        "Acc.rider": 0.5159999847412109,
        "Acc.car": 0.832699966430664,
        "Acc.truck": NaN,
        "Acc.bus": NaN,
        "Acc.train": 0.0,
        "Acc.motorcycle": 0.19709999084472657,
        "Acc.bicycle": 0.4956999969482422
    }
}