{
    "config": "configs/darkzurich/ddp_convnext_l_4x4_1080x1920_test_darkzurich.py",
    "metric": {
        "aAcc": 0.6701999999999999,
        "mIoU": 0.32539999999999997,
        "mAcc": 0.479,
        "IoU.road": 0.8138999938964844,
        "IoU.sidewalk": 0.580900001525879,
        "IoU.building": 0.6254999923706055,
        "IoU.wall": 0.12579999923706053,
        "IoU.fence": 0.4456999969482422,
        "IoU.pole": 0.3956999969482422,
        "IoU.traffic light": 0.5070999908447266,
        "IoU.traffic sign": 0.2929999923706055,
        "IoU.vegetation": 0.4663999938964844,
        "IoU.terrain": 0.22209999084472656,
        "IoU.sky": 0.09079999923706054,
        "IoU.person": 0.30590000152587893,
        "IoU.rider": 0.32529998779296876,
        "IoU.car": 0.4961000061035156,
        "IoU.truck": 0.0,
        "IoU.bus": 0.0,
        "IoU.train": 0.0,
        "IoU.motorcycle": 0.1625,
        "IoU.bicycle": 0.3258000183105469,
        "Acc.road": 0.98,
        "Acc.sidewalk": 0.6669000244140625,
        "Acc.building": 0.9276000213623047,
        "Acc.wall": 0.13210000038146974,
        "Acc.fence": 0.4886000061035156,
        "Acc.pole": 0.5465000152587891,
        "Acc.traffic light": 0.6430999755859375,
        "Acc.traffic sign": 0.33029998779296876,
        "Acc.vegetation": 0.9077999877929688,
        "Acc.terrain": 0.24700000762939453,
        "Acc.sky": 0.09100000381469726,
        "Acc.person": 0.42400001525878905,
        "Acc.rider": 0.4358000183105469,
        "Acc.car": 0.7762000274658203,
        "Acc.truck": NaN,
        "Acc.bus": NaN,
        "Acc.train": 0.0,
        "Acc.motorcycle": 0.178700008392334,
        "Acc.bicycle": 0.3665999984741211
    }
}