{
    "config": "configs/darkzurich/ddp_convnext_l_4x4_1080x1920_test_darkzurich.py",
    "metric": {
        "aAcc": 0.735,
        "mIoU": 0.35609999999999997,
        "mAcc": 0.5136999999999999,
        "IoU.road": 0.8883000183105468,
        "IoU.sidewalk": 0.5706000137329101,
        "IoU.building": 0.6288999938964843,
        "IoU.wall": 0.07409999847412109,
        "IoU.fence": 0.47869998931884766,
        "IoU.pole": 0.3738999938964844,
        "IoU.traffic light": 0.4175,
        "IoU.traffic sign": 0.2590999984741211,
        "IoU.vegetation": 0.5006000137329102,
        "IoU.terrain": 0.22700000762939454,
        "IoU.sky": 0.42270000457763673,
        "IoU.person": 0.278799991607666,
        "IoU.rider": 0.37490001678466794,
        "IoU.car": 0.6715000152587891,
        "IoU.truck": 0.0,
        "IoU.bus": 0.0,
        "IoU.train": 0.0,
        "IoU.motorcycle": 0.17530000686645508,
        "IoU.bicycle": 0.42380001068115236,
        "Acc.road": 0.9716000366210937,
        "Acc.sidewalk": 0.6615000152587891,
        "Acc.building": 0.9029000091552735,
        "Acc.wall": 0.07659999847412109,
        "Acc.fence": 0.629000015258789,
        "Acc.pole": 0.4909000015258789,
        "Acc.traffic light": 0.6266999816894532,
        "Acc.traffic sign": 0.28329999923706056,
        "Acc.vegetation": 0.8098000335693359,
        "Acc.terrain": 0.37150001525878906,
        "Acc.sky": 0.4443999862670898,
        "Acc.person": 0.4520000076293945,
        "Acc.rider": 0.5072999954223633,
        "Acc.car": 0.829800033569336,
        "Acc.truck": NaN,
        "Acc.bus": NaN,
        "Acc.train": 0.0,
        "Acc.motorcycle": 0.1956999969482422,
        "Acc.bicycle": 0.48080001831054686
    }
}