{
    "config": "configs/darkzurich/ddp_convnext_l_4x4_1080x1920_test_darkzurich.py",
    "metric": {
        "aAcc": 0.6074,
        "mIoU": 0.2964,
        "mAcc": 0.4598,
        "IoU.road": 0.535,
        "IoU.sidewalk": 0.44,
        "IoU.building": 0.6163999938964844,
        "IoU.wall": 0.1336999988555908,
        "IoU.fence": 0.4465000152587891,
        "IoU.pole": 0.35130001068115235,
        "IoU.traffic light": 0.4438999938964844,
        "IoU.traffic sign": 0.25940000534057617,
        "IoU.vegetation": 0.4940999984741211,
        "IoU.terrain": 0.2347999954223633,
        "IoU.sky": 0.03140000104904175,
        "IoU.person": 0.24799999237060547,
        "IoU.rider": 0.367400016784668,
        "IoU.car": 0.6138000106811523,
        "IoU.truck": 0.0,
        "IoU.bus": 0.0,
        "IoU.train": 0.0,
        "IoU.motorcycle": 0.18579999923706056,
        "IoU.bicycle": 0.23040000915527345,
        "Acc.road": 0.971500015258789,
        "Acc.sidewalk": 0.48689998626708986,
        "Acc.building": 0.9125,
        "Acc.wall": 0.15989999771118163,
        "Acc.fence": 0.5225999832153321,
        "Acc.pole": 0.4640000152587891,
        "Acc.traffic light": 0.6609999847412109,
        "Acc.traffic sign": 0.2823999977111816,
        "Acc.vegetation": 0.6886000061035156,
        "Acc.terrain": 0.544000015258789,
        "Acc.sky": 0.03140000104904175,
        "Acc.person": 0.3511000061035156,
        "Acc.rider": 0.5393000030517578,
        "Acc.car": 0.7291999816894531,
        "Acc.truck": NaN,
        "Acc.bus": NaN,
        "Acc.train": 0.0,
        "Acc.motorcycle": 0.206200008392334,
        "Acc.bicycle": 0.26649999618530273
    }
}