{
    "config": "configs/darkzurich/ddp_convnext_l_4x4_1080x1920_test_darkzurich.py",
    "metric": {
        "aAcc": 0.778,
        "mIoU": 0.4359,
        "mAcc": 0.6368,
        "IoU.road": 0.9526000213623047,
        "IoU.sidewalk": 0.7576000213623046,
        "IoU.building": 0.8302999877929688,
        "IoU.wall": 0.514900016784668,
        "IoU.fence": 0.5472000122070313,
        "IoU.pole": 0.5243000030517578,
        "IoU.traffic light": 0.39060001373291015,
        "IoU.traffic sign": 0.3547999954223633,
        "IoU.vegetation": 0.4727000045776367,
        "IoU.terrain": 0.37209999084472656,
        "IoU.sky": 0.3940999984741211,
        "IoU.person": 0.5470000076293945,
        "IoU.rider": 0.35060001373291017,
        "IoU.car": 0.6426999664306641,
        "IoU.truck": 0.0,
        "IoU.bus": 0.0,
        "IoU.train": 0.0,
        "IoU.motorcycle": 0.25829999923706054,
        "IoU.bicycle": 0.37150001525878906,
        "Acc.road": 0.9788999938964844,
        "Acc.sidewalk": 0.854800033569336,
        "Acc.building": 0.8815000152587891,
        "Acc.wall": 0.6587999725341797,
        "Acc.fence": 0.6762999725341797,
        "Acc.pole": 0.7052999877929688,
        "Acc.traffic light": 0.9368000030517578,
        "Acc.traffic sign": 0.3766999816894531,
        "Acc.vegetation": 0.9455000305175781,
        "Acc.terrain": 0.4241999816894531,
        "Acc.sky": 0.4077999877929688,
        "Acc.person": 0.6720999908447266,
        "Acc.rider": 0.35770000457763673,
        "Acc.car": 0.9487000274658203,
        "Acc.truck": NaN,
        "Acc.bus": NaN,
        "Acc.train": 0.0,
        "Acc.motorcycle": 0.36540000915527343,
        "Acc.bicycle": 0.6359999847412109
    }
}