{
    "config": "configs/darkzurich/ddp_convnext_l_4x4_1080x1920_test_darkzurich.py",
    "metric": {
        "aAcc": 0.6349,
        "mIoU": 0.3041,
        "mAcc": 0.4526,
        "IoU.road": 0.7658999633789062,
        "IoU.sidewalk": 0.38299999237060545,
        "IoU.building": 0.5468999862670898,
        "IoU.wall": 0.11359999656677246,
        "IoU.fence": 0.44880001068115233,
        "IoU.pole": 0.34619998931884766,
        "IoU.traffic light": 0.5506999969482422,
        "IoU.traffic sign": 0.29,
        "IoU.vegetation": 0.49270000457763674,
        "IoU.terrain": 0.21219999313354493,
        "IoU.sky": 0.03900000095367431,
        "IoU.person": 0.2954999923706055,
        "IoU.rider": 0.32470001220703126,
        "IoU.car": 0.48759998321533204,
        "IoU.truck": 0.0,
        "IoU.bus": 0.0,
        "IoU.train": 0.0,
        "IoU.motorcycle": 0.1625,
        "IoU.bicycle": 0.3184000015258789,
        "Acc.road": 0.9791000366210938,
        "Acc.sidewalk": 0.42970001220703125,
        "Acc.building": 0.9116000366210938,
        "Acc.wall": 0.11909999847412109,
        "Acc.fence": 0.4891999816894531,
        "Acc.pole": 0.47069999694824216,
        "Acc.traffic light": 0.6363999938964844,
        "Acc.traffic sign": 0.325,
        "Acc.vegetation": 0.8997000122070312,
        "Acc.terrain": 0.24,
        "Acc.sky": 0.03900000095367431,
        "Acc.person": 0.4122999954223633,
        "Acc.rider": 0.4356999969482422,
        "Acc.car": 0.7675,
        "Acc.truck": NaN,
        "Acc.bus": NaN,
        "Acc.train": 0.0,
        "Acc.motorcycle": 0.17889999389648437,
        "Acc.bicycle": 0.3609000015258789
    }
}