{
    "config": "configs/darkzurich/ddp_convnext_l_4x4_1080x1920_test_darkzurich.py",
    "metric": {
        "aAcc": 0.6748999999999999,
        "mIoU": 0.3329,
        "mAcc": 0.4857,
        "IoU.road": 0.8718000030517579,
        "IoU.sidewalk": 0.6086999893188476,
        "IoU.building": 0.6858000183105468,
        "IoU.wall": 0.12439999580383301,
        "IoU.fence": 0.44790000915527345,
        "IoU.pole": 0.39869998931884765,
        "IoU.traffic light": 0.5343999862670898,
        "IoU.traffic sign": 0.2804000091552734,
        "IoU.vegetation": 0.42970001220703125,
        "IoU.terrain": 0.23110000610351564,
        "IoU.sky": 0.06789999961853027,
        "IoU.person": 0.3060000038146973,
        "IoU.rider": 0.3258000183105469,
        "IoU.car": 0.5243000030517578,
        "IoU.truck": 0.0,
        "IoU.bus": 0.0,
        "IoU.train": 0.0,
        "IoU.motorcycle": 0.1606999969482422,
        "IoU.bicycle": 0.3275,
        "Acc.road": 0.9831999969482422,
        "Acc.sidewalk": 0.7247000122070313,
        "Acc.building": 0.9262000274658203,
        "Acc.wall": 0.1322999954223633,
        "Acc.fence": 0.48790000915527343,
        "Acc.pole": 0.5652000045776367,
        "Acc.traffic light": 0.6591000366210937,
        "Acc.traffic sign": 0.3113999938964844,
        "Acc.vegetation": 0.9397000122070313,
        "Acc.terrain": 0.2518000030517578,
        "Acc.sky": 0.06800000190734863,
        "Acc.person": 0.4152000045776367,
        "Acc.rider": 0.42790000915527343,
        "Acc.car": 0.8287000274658203,
        "Acc.truck": NaN,
        "Acc.bus": NaN,
        "Acc.train": 0.0,
        "Acc.motorcycle": 0.17459999084472655,
        "Acc.bicycle": 0.3611000061035156
    }
}