{
    "config": "configs/darkzurich/ddp_convnext_l_4x4_1080x1920_test_darkzurich.py",
    "metric": {
        "aAcc": 0.6373,
        "mIoU": 0.2882,
        "mAcc": 0.4458,
        "IoU.road": 0.8577999877929687,
        "IoU.sidewalk": 0.45869998931884765,
        "IoU.building": 0.5797999954223633,
        "IoU.wall": 0.15100000381469728,
        "IoU.fence": 0.3736000061035156,
        "IoU.pole": 0.35869998931884767,
        "IoU.traffic light": 0.4236000061035156,
        "IoU.traffic sign": 0.23180000305175782,
        "IoU.vegetation": 0.4475,
        "IoU.terrain": 0.025199999809265138,
        "IoU.sky": 0.040399999618530275,
        "IoU.person": 0.2528000068664551,
        "IoU.rider": 0.27010000228881836,
        "IoU.car": 0.5945000076293945,
        "IoU.truck": 0.0,
        "IoU.bus": 0.0,
        "IoU.train": 0.0,
        "IoU.motorcycle": 0.15079999923706056,
        "IoU.bicycle": 0.2593000030517578,
        "Acc.road": 0.898499984741211,
        "Acc.sidewalk": 0.9070999908447266,
        "Acc.building": 0.9158999633789062,
        "Acc.wall": 0.198799991607666,
        "Acc.fence": 0.4306999969482422,
        "Acc.pole": 0.45860000610351564,
        "Acc.traffic light": 0.5475,
        "Acc.traffic sign": 0.25540000915527344,
        "Acc.vegetation": 0.8225,
        "Acc.terrain": 0.025299999713897705,
        "Acc.sky": 0.04059999942779541,
        "Acc.person": 0.40869998931884766,
        "Acc.rider": 0.34669998168945315,
        "Acc.car": 0.875,
        "Acc.truck": NaN,
        "Acc.bus": NaN,
        "Acc.train": 0.0,
        "Acc.motorcycle": 0.16440000534057617,
        "Acc.bicycle": 0.2830999946594238
    }
}