{
    "config": "configs/darkzurich/ddp_convnext_l_4x4_1080x1920_test_darkzurich.py",
    "metric": {
        "aAcc": 0.6768000000000001,
        "mIoU": 0.3336,
        "mAcc": 0.4938,
        "IoU.road": 0.8126999664306641,
        "IoU.sidewalk": 0.5166999816894531,
        "IoU.building": 0.5443000030517579,
        "IoU.wall": 0.07050000190734863,
        "IoU.fence": 0.4677000045776367,
        "IoU.pole": 0.36439998626708986,
        "IoU.traffic light": 0.45290000915527345,
        "IoU.traffic sign": 0.24440000534057618,
        "IoU.vegetation": 0.5031999969482421,
        "IoU.terrain": 0.2209000015258789,
        "IoU.sky": 0.2281999969482422,
        "IoU.person": 0.26129999160766604,
        "IoU.rider": 0.3759000015258789,
        "IoU.car": 0.6573999786376953,
        "IoU.truck": 0.0,
        "IoU.bus": 0.0,
        "IoU.train": 0.0,
        "IoU.motorcycle": 0.17549999237060546,
        "IoU.bicycle": 0.4427000045776367,
        "Acc.road": 0.9726000213623047,
        "Acc.sidewalk": 0.5945999908447266,
        "Acc.building": 0.9147000122070312,
        "Acc.wall": 0.0721999979019165,
        "Acc.fence": 0.6288999938964843,
        "Acc.pole": 0.47200000762939454,
        "Acc.traffic light": 0.6213000106811524,
        "Acc.traffic sign": 0.2652000045776367,
        "Acc.vegetation": 0.7691999816894531,
        "Acc.terrain": 0.38310001373291014,
        "Acc.sky": 0.23450000762939452,
        "Acc.person": 0.42529998779296874,
        "Acc.rider": 0.49700000762939456,
        "Acc.car": 0.8333999633789062,
        "Acc.truck": NaN,
        "Acc.bus": NaN,
        "Acc.train": 0.0,
        "Acc.motorcycle": 0.196299991607666,
        "Acc.bicycle": 0.5136999893188476
    }
}