{
    "config": "configs/darkzurich/ddp_convnext_l_4x4_1080x1920_test_darkzurich.py",
    "metric": {
        "aAcc": 0.628,
        "mIoU": 0.3005,
        "mAcc": 0.4521,
        "IoU.road": 0.7145999908447266,
        "IoU.sidewalk": 0.43959999084472656,
        "IoU.building": 0.5143999862670898,
        "IoU.wall": 0.09329999923706055,
        "IoU.fence": 0.43090000152587893,
        "IoU.pole": 0.32790000915527345,
        "IoU.traffic light": 0.5072999954223633,
        "IoU.traffic sign": 0.288700008392334,
        "IoU.vegetation": 0.47970001220703123,
        "IoU.terrain": 0.24170000076293946,
        "IoU.sky": 0.09069999694824218,
        "IoU.person": 0.2552000045776367,
        "IoU.rider": 0.3218000030517578,
        "IoU.car": 0.591500015258789,
        "IoU.truck": 0.0,
        "IoU.bus": 0.0,
        "IoU.train": 0.0,
        "IoU.motorcycle": 0.16059999465942382,
        "IoU.bicycle": 0.2510000038146973,
        "Acc.road": 0.9793000030517578,
        "Acc.sidewalk": 0.5070000076293946,
        "Acc.building": 0.9197000122070312,
        "Acc.wall": 0.10579999923706054,
        "Acc.fence": 0.5013000106811524,
        "Acc.pole": 0.44290000915527344,
        "Acc.traffic light": 0.6790000152587891,
        "Acc.traffic sign": 0.3540999984741211,
        "Acc.vegetation": 0.7223999786376953,
        "Acc.terrain": 0.3809000015258789,
        "Acc.sky": 0.0909000015258789,
        "Acc.person": 0.3465999984741211,
        "Acc.rider": 0.40380001068115234,
        "Acc.car": 0.8001000213623047,
        "Acc.truck": NaN,
        "Acc.bus": NaN,
        "Acc.train": 0.0,
        "Acc.motorcycle": 0.1775,
        "Acc.bicycle": 0.27399999618530274
    }
}