{
    "config": "configs/darkzurich/ddp_convnext_l_4x4_1080x1920_test_darkzurich.py",
    "metric": {
        "aAcc": 0.6235,
        "mIoU": 0.3096,
        "mAcc": 0.46130000000000004,
        "IoU.road": 0.7958999633789062,
        "IoU.sidewalk": 0.5154000091552734,
        "IoU.building": 0.47810001373291017,
        "IoU.wall": 0.08479999542236329,
        "IoU.fence": 0.45779998779296877,
        "IoU.pole": 0.25209999084472656,
        "IoU.traffic light": 0.5045999908447265,
        "IoU.traffic sign": 0.3320999908447266,
        "IoU.vegetation": 0.4729000091552734,
        "IoU.terrain": 0.27799999237060546,
        "IoU.sky": 0.03299999952316284,
        "IoU.person": 0.25229999542236325,
        "IoU.rider": 0.3659999847412109,
        "IoU.car": 0.677300033569336,
        "IoU.truck": 0.0,
        "IoU.bus": 0.0,
        "IoU.train": 0.0,
        "IoU.motorcycle": 0.1809000015258789,
        "IoU.bicycle": 0.20100000381469726,
        "Acc.road": 0.9677999877929687,
        "Acc.sidewalk": 0.5840999984741211,
        "Acc.building": 0.912300033569336,
        "Acc.wall": 0.0884000015258789,
        "Acc.fence": 0.522400016784668,
        "Acc.pole": 0.31059999465942384,
        "Acc.traffic light": 0.6980000305175781,
        "Acc.traffic sign": 0.4216999816894531,
        "Acc.vegetation": 0.7591999816894531,
        "Acc.terrain": 0.4911999893188477,
        "Acc.sky": 0.03299999952316284,
        "Acc.person": 0.340099983215332,
        "Acc.rider": 0.43650001525878906,
        "Acc.car": 0.8690000152587891,
        "Acc.truck": NaN,
        "Acc.bus": NaN,
        "Acc.train": 0.0,
        "Acc.motorcycle": 0.19889999389648438,
        "Acc.bicycle": 0.20959999084472655
    }
}