{
    "config": "configs/darkzurich/ddp_convnext_l_4x4_1080x1920_test_darkzurich.py",
    "metric": {
        "aAcc": 0.6254,
        "mIoU": 0.2991,
        "mAcc": 0.4457,
        "IoU.road": 0.7944999694824219,
        "IoU.sidewalk": 0.35900001525878905,
        "IoU.building": 0.5465000152587891,
        "IoU.wall": 0.10960000038146972,
        "IoU.fence": 0.4518000030517578,
        "IoU.pole": 0.3413999938964844,
        "IoU.traffic light": 0.5018999862670899,
        "IoU.traffic sign": 0.28420000076293944,
        "IoU.vegetation": 0.45880001068115234,
        "IoU.terrain": 0.2193000030517578,
        "IoU.sky": 0.01399999976158142,
        "IoU.person": 0.29649999618530276,
        "IoU.rider": 0.3245000076293945,
        "IoU.car": 0.5041999816894531,
        "IoU.truck": 0.0,
        "IoU.bus": 0.0,
        "IoU.train": 0.0,
        "IoU.motorcycle": 0.16200000762939454,
        "IoU.bicycle": 0.315,
        "Acc.road": 0.980999984741211,
        "Acc.sidewalk": 0.40279998779296877,
        "Acc.building": 0.8881999969482421,
        "Acc.wall": 0.1165999984741211,
        "Acc.fence": 0.4941999816894531,
        "Acc.pole": 0.4595999908447266,
        "Acc.traffic light": 0.5752999877929688,
        "Acc.traffic sign": 0.31799999237060544,
        "Acc.vegetation": 0.9172000122070313,
        "Acc.terrain": 0.2514999961853027,
        "Acc.sky": 0.01399999976158142,
        "Acc.person": 0.4104000091552734,
        "Acc.rider": 0.43520000457763675,
        "Acc.car": 0.7781999969482422,
        "Acc.truck": NaN,
        "Acc.bus": NaN,
        "Acc.train": 0.0,
        "Acc.motorcycle": 0.17899999618530274,
        "Acc.bicycle": 0.35619998931884767
    }
}