{
    "config": "configs/darkzurich/ddp_convnext_l_4x4_1080x1920_test_darkzurich.py",
    "metric": {
        "aAcc": 0.6087,
        "mIoU": 0.2915,
        "mAcc": 0.44020000000000004,
        "IoU.road": 0.8234999847412109,
        "IoU.sidewalk": 0.45779998779296877,
        "IoU.building": 0.41689998626708985,
        "IoU.wall": 0.10300000190734863,
        "IoU.fence": 0.43349998474121093,
        "IoU.pole": 0.29719999313354495,
        "IoU.traffic light": 0.4634000015258789,
        "IoU.traffic sign": 0.2975,
        "IoU.vegetation": 0.42439998626708986,
        "IoU.terrain": 0.2802000045776367,
        "IoU.sky": 0.12199999809265137,
        "IoU.person": 0.2705999946594238,
        "IoU.rider": 0.135600004196167,
        "IoU.car": 0.4736000061035156,
        "IoU.truck": 0.0,
        "IoU.bus": 0.0,
        "IoU.train": 0.0,
        "IoU.motorcycle": 0.15470000267028808,
        "IoU.bicycle": 0.38479999542236326,
        "Acc.road": 0.9748999786376953,
        "Acc.sidewalk": 0.5758000183105468,
        "Acc.building": 0.9576000213623047,
        "Acc.wall": 0.12380000114440919,
        "Acc.fence": 0.4916999816894531,
        "Acc.pole": 0.462599983215332,
        "Acc.traffic light": 0.6354999923706055,
        "Acc.traffic sign": 0.3434000015258789,
        "Acc.vegetation": 0.48380001068115236,
        "Acc.terrain": 0.335,
        "Acc.sky": 0.12329999923706055,
        "Acc.person": 0.39680000305175783,
        "Acc.rider": 0.1775,
        "Acc.car": 0.747699966430664,
        "Acc.truck": NaN,
        "Acc.bus": NaN,
        "Acc.train": 0.0,
        "Acc.motorcycle": 0.21719999313354493,
        "Acc.bicycle": 0.4368000030517578
    }
}