{
    "config": "configs/darkzurich/ddp_convnext_l_4x4_1080x1920_test_darkzurich.py",
    "metric": {
        "aAcc": 0.6208,
        "mIoU": 0.3035,
        "mAcc": 0.4351,
        "IoU.road": 0.8455999755859375,
        "IoU.sidewalk": 0.509900016784668,
        "IoU.building": 0.4379999923706055,
        "IoU.wall": 0.1690999984741211,
        "IoU.fence": 0.435,
        "IoU.pole": 0.29690000534057615,
        "IoU.traffic light": 0.5120000076293946,
        "IoU.traffic sign": 0.2926000022888184,
        "IoU.vegetation": 0.4997999954223633,
        "IoU.terrain": 0.21959999084472656,
        "IoU.sky": 0.03390000104904175,
        "IoU.person": 0.33110000610351564,
        "IoU.rider": 0.1843000030517578,
        "IoU.car": 0.5886000061035156,
        "IoU.truck": 0.0,
        "IoU.bus": 0.0,
        "IoU.train": 0.0,
        "IoU.motorcycle": 0.176200008392334,
        "IoU.bicycle": 0.23309999465942383,
        "Acc.road": 0.9772000122070312,
        "Acc.sidewalk": 0.5750999832153321,
        "Acc.building": 0.9486000061035156,
        "Acc.wall": 0.20030000686645508,
        "Acc.fence": 0.4809000015258789,
        "Acc.pole": 0.43279998779296874,
        "Acc.traffic light": 0.6136999893188476,
        "Acc.traffic sign": 0.327599983215332,
        "Acc.vegetation": 0.701500015258789,
        "Acc.terrain": 0.24670000076293946,
        "Acc.sky": 0.03390000104904175,
        "Acc.person": 0.4734999847412109,
        "Acc.rider": 0.2231999969482422,
        "Acc.car": 0.7047000122070313,
        "Acc.truck": NaN,
        "Acc.bus": NaN,
        "Acc.train": 0.0,
        "Acc.motorcycle": 0.20469999313354492,
        "Acc.bicycle": 0.2525
    }
}