{
    "config": "configs/darkzurich/ddp_convnext_l_4x4_1080x1920_test_darkzurich.py",
    "metric": {
        "aAcc": 0.6797,
        "mIoU": 0.3182,
        "mAcc": 0.4685,
        "IoU.road": 0.7969999694824219,
        "IoU.sidewalk": 0.4843000030517578,
        "IoU.building": 0.5520999908447266,
        "IoU.wall": 0.11600000381469727,
        "IoU.fence": 0.45049999237060545,
        "IoU.pole": 0.3425,
        "IoU.traffic light": 0.4804000091552734,
        "IoU.traffic sign": 0.2869000053405762,
        "IoU.vegetation": 0.48959999084472655,
        "IoU.terrain": 0.18149999618530274,
        "IoU.sky": 0.2794000053405762,
        "IoU.person": 0.27,
        "IoU.rider": 0.325,
        "IoU.car": 0.505,
        "IoU.truck": 0.0,
        "IoU.bus": 0.0,
        "IoU.train": 0.0,
        "IoU.motorcycle": 0.17219999313354492,
        "IoU.bicycle": 0.31290000915527344,
        "Acc.road": 0.9743000030517578,
        "Acc.sidewalk": 0.5625,
        "Acc.building": 0.9061000061035156,
        "Acc.wall": 0.11949999809265137,
        "Acc.fence": 0.5209000015258789,
        "Acc.pole": 0.46279998779296877,
        "Acc.traffic light": 0.6580999755859375,
        "Acc.traffic sign": 0.32229999542236326,
        "Acc.vegetation": 0.765199966430664,
        "Acc.terrain": 0.288700008392334,
        "Acc.sky": 0.2840999984741211,
        "Acc.person": 0.3970999908447266,
        "Acc.rider": 0.42270000457763673,
        "Acc.car": 0.7383999633789062,
        "Acc.truck": NaN,
        "Acc.bus": NaN,
        "Acc.train": 0.0,
        "Acc.motorcycle": 0.19270000457763672,
        "Acc.bicycle": 0.34830001831054686
    }
}