{
    "config": "configs/darkzurich/ddp_convnext_l_4x4_1080x1920_test_darkzurich.py",
    "metric": {
        "aAcc": 0.6265999999999999,
        "mIoU": 0.3124,
        "mAcc": 0.46509999999999996,
        "IoU.road": 0.5706999969482421,
        "IoU.sidewalk": 0.47889999389648436,
        "IoU.building": 0.6315999984741211,
        "IoU.wall": 0.06590000152587891,
        "IoU.fence": 0.48450000762939455,
        "IoU.pole": 0.35959999084472655,
        "IoU.traffic light": 0.49139999389648437,
        "IoU.traffic sign": 0.2559000015258789,
        "IoU.vegetation": 0.47470001220703123,
        "IoU.terrain": 0.21389999389648437,
        "IoU.sky": 0.08689999580383301,
        "IoU.person": 0.2468000030517578,
        "IoU.rider": 0.37659999847412107,
        "IoU.car": 0.7070999908447265,
        "IoU.truck": 0.0,
        "IoU.bus": 0.0,
        "IoU.train": 0.0,
        "IoU.motorcycle": 0.18799999237060547,
        "IoU.bicycle": 0.30260000228881834,
        "Acc.road": 0.9755000305175782,
        "Acc.sidewalk": 0.5227999877929688,
        "Acc.building": 0.8733000183105468,
        "Acc.wall": 0.0690999984741211,
        "Acc.fence": 0.6038000106811523,
        "Acc.pole": 0.47959999084472654,
        "Acc.traffic light": 0.6102000045776367,
        "Acc.traffic sign": 0.278799991607666,
        "Acc.vegetation": 0.7631999969482421,
        "Acc.terrain": 0.38349998474121094,
        "Acc.sky": 0.08729999542236327,
        "Acc.person": 0.357400016784668,
        "Acc.rider": 0.4956999969482422,
        "Acc.car": 0.8706999969482422,
        "Acc.truck": NaN,
        "Acc.bus": NaN,
        "Acc.train": 0.0,
        "Acc.motorcycle": 0.20780000686645508,
        "Acc.bicycle": 0.32799999237060545
    }
}