{
    "config": "configs/darkzurich/ddp_convnext_l_4x4_1080x1920_test_darkzurich.py",
    "metric": {
        "aAcc": 0.6578,
        "mIoU": 0.3073,
        "mAcc": 0.46630000000000005,
        "IoU.road": 0.8373000335693359,
        "IoU.sidewalk": 0.4765999984741211,
        "IoU.building": 0.6191999816894531,
        "IoU.wall": 0.08800000190734864,
        "IoU.fence": 0.46950000762939453,
        "IoU.pole": 0.35009998321533203,
        "IoU.traffic light": 0.46680000305175784,
        "IoU.traffic sign": 0.24940000534057616,
        "IoU.vegetation": 0.4391999816894531,
        "IoU.terrain": 0.17389999389648436,
        "IoU.sky": 0.11720000267028809,
        "IoU.person": 0.26799999237060546,
        "IoU.rider": 0.37439998626708987,
        "IoU.car": 0.47259998321533203,
        "IoU.truck": 0.0,
        "IoU.bus": 0.0,
        "IoU.train": 0.0,
        "IoU.motorcycle": 0.16420000076293945,
        "IoU.bicycle": 0.271299991607666,
        "Acc.road": 0.9733999633789062,
        "Acc.sidewalk": 0.5468999862670898,
        "Acc.building": 0.8879000091552735,
        "Acc.wall": 0.09520000457763672,
        "Acc.fence": 0.5468000030517578,
        "Acc.pole": 0.4563999938964844,
        "Acc.traffic light": 0.6034000015258789,
        "Acc.traffic sign": 0.26760000228881836,
        "Acc.vegetation": 0.8944999694824218,
        "Acc.terrain": 0.35779998779296873,
        "Acc.sky": 0.11779999732971191,
        "Acc.person": 0.3693000030517578,
        "Acc.rider": 0.46599998474121096,
        "Acc.car": 0.8629000091552734,
        "Acc.truck": NaN,
        "Acc.bus": NaN,
        "Acc.train": 0.0,
        "Acc.motorcycle": 0.17889999389648437,
        "Acc.bicycle": 0.3029999923706055
    }
}