{
    "config": "configs/darkzurich/ddp_convnext_l_4x4_1080x1920_test_darkzurich.py",
    "metric": {
        "aAcc": 0.6174000000000001,
        "mIoU": 0.309,
        "mAcc": 0.4569,
        "IoU.road": 0.5895999908447266,
        "IoU.sidewalk": 0.49939998626708987,
        "IoU.building": 0.5765999984741211,
        "IoU.wall": 0.05860000133514404,
        "IoU.fence": 0.43099998474121093,
        "IoU.pole": 0.3397000122070313,
        "IoU.traffic light": 0.49450000762939456,
        "IoU.traffic sign": 0.2588999938964844,
        "IoU.vegetation": 0.4856999969482422,
        "IoU.terrain": 0.2675,
        "IoU.sky": 0.03480000019073486,
        "IoU.person": 0.24850000381469728,
        "IoU.rider": 0.41119998931884766,
        "IoU.car": 0.6972000122070312,
        "IoU.truck": 0.0,
        "IoU.bus": 0.0,
        "IoU.train": 0.0,
        "IoU.motorcycle": 0.18760000228881835,
        "IoU.bicycle": 0.29100000381469726,
        "Acc.road": 0.9762999725341797,
        "Acc.sidewalk": 0.5558000183105469,
        "Acc.building": 0.9080999755859375,
        "Acc.wall": 0.059699997901916504,
        "Acc.fence": 0.5120000076293946,
        "Acc.pole": 0.4531999969482422,
        "Acc.traffic light": 0.6493000030517578,
        "Acc.traffic sign": 0.27799999237060546,
        "Acc.vegetation": 0.742699966430664,
        "Acc.terrain": 0.36759998321533205,
        "Acc.sky": 0.03490000009536743,
        "Acc.person": 0.3568000030517578,
        "Acc.rider": 0.5163999938964844,
        "Acc.car": 0.8230000305175781,
        "Acc.truck": NaN,
        "Acc.bus": NaN,
        "Acc.train": 0.0,
        "Acc.motorcycle": 0.20909999847412108,
        "Acc.bicycle": 0.3245000076293945
    }
}