{
    "config": "configs/darkzurich/ddp_convnext_l_4x4_1080x1920_test_darkzurich.py",
    "metric": {
        "aAcc": 0.6411,
        "mIoU": 0.3246,
        "mAcc": 0.4793,
        "IoU.road": 0.8463999938964843,
        "IoU.sidewalk": 0.5661000061035156,
        "IoU.building": 0.6798999786376954,
        "IoU.wall": 0.12720000267028808,
        "IoU.fence": 0.4368000030517578,
        "IoU.pole": 0.3679999923706055,
        "IoU.traffic light": 0.475,
        "IoU.traffic sign": 0.2813999938964844,
        "IoU.vegetation": 0.36709999084472655,
        "IoU.terrain": 0.25989999771118166,
        "IoU.sky": 0.02920000076293945,
        "IoU.person": 0.26190000534057617,
        "IoU.rider": 0.22040000915527344,
        "IoU.car": 0.6991000366210938,
        "IoU.truck": 0.0,
        "IoU.bus": 0.0,
        "IoU.train": 0.0,
        "IoU.motorcycle": 0.18,
        "IoU.bicycle": 0.3693000030517578,
        "Acc.road": 0.9594000244140625,
        "Acc.sidewalk": 0.7234999847412109,
        "Acc.building": 0.8726000213623046,
        "Acc.wall": 0.15350000381469728,
        "Acc.fence": 0.5411999893188476,
        "Acc.pole": 0.49509998321533205,
        "Acc.traffic light": 0.6511000061035156,
        "Acc.traffic sign": 0.3129999923706055,
        "Acc.vegetation": 0.8654000091552735,
        "Acc.terrain": 0.43740001678466794,
        "Acc.sky": 0.02930000066757202,
        "Acc.person": 0.349900016784668,
        "Acc.rider": 0.2884000015258789,
        "Acc.car": 0.8291999816894531,
        "Acc.truck": NaN,
        "Acc.bus": NaN,
        "Acc.train": 0.0,
        "Acc.motorcycle": 0.20649999618530274,
        "Acc.bicycle": 0.43279998779296874
    }
}