{
    "config": "configs/darkzurich/ddp_convnext_l_4x4_1080x1920_test_darkzurich.py",
    "metric": {
        "aAcc": 0.6849,
        "mIoU": 0.3372,
        "mAcc": 0.503,
        "IoU.road": 0.8622000122070312,
        "IoU.sidewalk": 0.5938000106811523,
        "IoU.building": 0.6847000122070312,
        "IoU.wall": 0.18360000610351562,
        "IoU.fence": 0.4697000122070312,
        "IoU.pole": 0.40349998474121096,
        "IoU.traffic light": 0.4956999969482422,
        "IoU.traffic sign": 0.29920000076293946,
        "IoU.vegetation": 0.4433000183105469,
        "IoU.terrain": 0.23200000762939454,
        "IoU.sky": 0.11989999771118164,
        "IoU.person": 0.31549999237060544,
        "IoU.rider": 0.33470001220703127,
        "IoU.car": 0.44869998931884764,
        "IoU.truck": 0.0,
        "IoU.bus": 0.0,
        "IoU.train": 0.0,
        "IoU.motorcycle": 0.1727000045776367,
        "IoU.bicycle": 0.3475,
        "Acc.road": 0.9770999908447265,
        "Acc.sidewalk": 0.6891000366210938,
        "Acc.building": 0.9279000091552735,
        "Acc.wall": 0.20020000457763673,
        "Acc.fence": 0.5379999923706055,
        "Acc.pole": 0.5722000122070312,
        "Acc.traffic light": 0.7493000030517578,
        "Acc.traffic sign": 0.33860000610351565,
        "Acc.vegetation": 0.9266000366210938,
        "Acc.terrain": 0.2588999938964844,
        "Acc.sky": 0.12029999732971192,
        "Acc.person": 0.4418999862670898,
        "Acc.rider": 0.4052000045776367,
        "Acc.car": 0.7973999786376953,
        "Acc.truck": NaN,
        "Acc.bus": NaN,
        "Acc.train": 0.0,
        "Acc.motorcycle": 0.19290000915527344,
        "Acc.bicycle": 0.4154000091552734
    }
}