{
    "config": "configs/darkzurich/ddp_convnext_l_4x4_1080x1920_test_darkzurich.py",
    "metric": {
        "aAcc": 0.6361,
        "mIoU": 0.2914,
        "mAcc": 0.4313,
        "IoU.road": 0.7980999755859375,
        "IoU.sidewalk": 0.40119998931884765,
        "IoU.building": 0.5877999877929687,
        "IoU.wall": 0.05829999923706055,
        "IoU.fence": 0.43560001373291013,
        "IoU.pole": 0.3115999984741211,
        "IoU.traffic light": 0.5063000106811524,
        "IoU.traffic sign": 0.28329999923706056,
        "IoU.vegetation": 0.43290000915527344,
        "IoU.terrain": 0.17510000228881836,
        "IoU.sky": 0.07159999847412109,
        "IoU.person": 0.26079999923706054,
        "IoU.rider": 0.225,
        "IoU.car": 0.5761999893188476,
        "IoU.truck": 0.0,
        "IoU.bus": 0.0,
        "IoU.train": 0.0,
        "IoU.motorcycle": 0.1565999984741211,
        "IoU.bicycle": 0.2571999931335449,
        "Acc.road": 0.9804000091552735,
        "Acc.sidewalk": 0.43759998321533206,
        "Acc.building": 0.8787000274658203,
        "Acc.wall": 0.05909999847412109,
        "Acc.fence": 0.47880001068115235,
        "Acc.pole": 0.42020000457763673,
        "Acc.traffic light": 0.6063999938964844,
        "Acc.traffic sign": 0.3127000045776367,
        "Acc.vegetation": 0.9072000122070313,
        "Acc.terrain": 0.2961000061035156,
        "Acc.sky": 0.0719000005722046,
        "Acc.person": 0.36790000915527343,
        "Acc.rider": 0.2915999984741211,
        "Acc.car": 0.7655000305175781,
        "Acc.truck": NaN,
        "Acc.bus": NaN,
        "Acc.train": 0.0,
        "Acc.motorcycle": 0.17559999465942383,
        "Acc.bicycle": 0.28170000076293944
    }
}