{
    "config": "configs/darkzurich/ddp_convnext_l_4x4_1080x1920_test_darkzurich.py",
    "metric": {
        "aAcc": 0.6053999999999999,
        "mIoU": 0.2907,
        "mAcc": 0.439,
        "IoU.road": 0.8219999694824218,
        "IoU.sidewalk": 0.4513999938964844,
        "IoU.building": 0.41330001831054686,
        "IoU.wall": 0.10829999923706055,
        "IoU.fence": 0.4336000061035156,
        "IoU.pole": 0.2965999984741211,
        "IoU.traffic light": 0.46380001068115234,
        "IoU.traffic sign": 0.29739999771118164,
        "IoU.vegetation": 0.4222999954223633,
        "IoU.terrain": 0.2811000061035156,
        "IoU.sky": 0.11260000228881836,
        "IoU.person": 0.2705999946594238,
        "IoU.rider": 0.135600004196167,
        "IoU.car": 0.47560001373291017,
        "IoU.truck": 0.0,
        "IoU.bus": 0.0,
        "IoU.train": 0.0,
        "IoU.motorcycle": 0.15460000038146973,
        "IoU.bicycle": 0.3845000076293945,
        "Acc.road": 0.9748999786376953,
        "Acc.sidewalk": 0.5679999923706055,
        "Acc.building": 0.9576000213623047,
        "Acc.wall": 0.12420000076293945,
        "Acc.fence": 0.49150001525878906,
        "Acc.pole": 0.46169998168945314,
        "Acc.traffic light": 0.6356000137329102,
        "Acc.traffic sign": 0.3434000015258789,
        "Acc.vegetation": 0.48069999694824217,
        "Acc.terrain": 0.33630001068115234,
        "Acc.sky": 0.11369999885559082,
        "Acc.person": 0.39680000305175783,
        "Acc.rider": 0.1775,
        "Acc.car": 0.747699966430664,
        "Acc.truck": NaN,
        "Acc.bus": NaN,
        "Acc.train": 0.0,
        "Acc.motorcycle": 0.21719999313354493,
        "Acc.bicycle": 0.4363999938964844
    }
}