{
    "config": "configs/darkzurich/ddp_convnext_l_4x4_1080x1920_test_darkzurich.py",
    "metric": {
        "aAcc": 0.6502,
        "mIoU": 0.3013,
        "mAcc": 0.45049999999999996,
        "IoU.road": 0.6983000183105469,
        "IoU.sidewalk": 0.3468000030517578,
        "IoU.building": 0.6218999862670899,
        "IoU.wall": 0.07170000076293945,
        "IoU.fence": 0.46810001373291016,
        "IoU.pole": 0.32470001220703126,
        "IoU.traffic light": 0.5025,
        "IoU.traffic sign": 0.29649999618530276,
        "IoU.vegetation": 0.45740001678466796,
        "IoU.terrain": 0.18989999771118163,
        "IoU.sky": 0.16520000457763673,
        "IoU.person": 0.3104999923706055,
        "IoU.rider": 0.27110000610351564,
        "IoU.car": 0.5206999969482422,
        "IoU.truck": 0.0,
        "IoU.bus": 0.0,
        "IoU.train": 0.0,
        "IoU.motorcycle": 0.17190000534057617,
        "IoU.bicycle": 0.30809999465942384,
        "Acc.road": 0.9825,
        "Acc.sidewalk": 0.3763000106811523,
        "Acc.building": 0.904000015258789,
        "Acc.wall": 0.0759000015258789,
        "Acc.fence": 0.5115999984741211,
        "Acc.pole": 0.43720001220703125,
        "Acc.traffic light": 0.6694999694824219,
        "Acc.traffic sign": 0.3420999908447266,
        "Acc.vegetation": 0.8393000030517578,
        "Acc.terrain": 0.2567000007629395,
        "Acc.sky": 0.166299991607666,
        "Acc.person": 0.4388999938964844,
        "Acc.rider": 0.3447000122070312,
        "Acc.car": 0.7676999664306641,
        "Acc.truck": NaN,
        "Acc.bus": NaN,
        "Acc.train": 0.0,
        "Acc.motorcycle": 0.18979999542236328,
        "Acc.bicycle": 0.35580001831054686
    }
}