{
    "config": "configs/darkzurich/ddp_convnext_l_4x4_1080x1920_test_darkzurich.py",
    "metric": {
        "aAcc": 0.6274000000000001,
        "mIoU": 0.29969999999999997,
        "mAcc": 0.4468,
        "IoU.road": 0.7801000213623047,
        "IoU.sidewalk": 0.36470001220703124,
        "IoU.building": 0.5943000030517578,
        "IoU.wall": 0.09229999542236328,
        "IoU.fence": 0.4533000183105469,
        "IoU.pole": 0.311299991607666,
        "IoU.traffic light": 0.528499984741211,
        "IoU.traffic sign": 0.28549999237060547,
        "IoU.vegetation": 0.42650001525878906,
        "IoU.terrain": 0.23709999084472655,
        "IoU.sky": 0.024500000476837158,
        "IoU.person": 0.28489999771118163,
        "IoU.rider": 0.32470001220703126,
        "IoU.car": 0.5068000030517578,
        "IoU.truck": 0.0,
        "IoU.bus": 0.0,
        "IoU.train": 0.0,
        "IoU.motorcycle": 0.16360000610351563,
        "IoU.bicycle": 0.31559999465942384,
        "Acc.road": 0.9876000213623047,
        "Acc.sidewalk": 0.3938999938964844,
        "Acc.building": 0.8788999938964843,
        "Acc.wall": 0.0965999984741211,
        "Acc.fence": 0.49279998779296874,
        "Acc.pole": 0.4152000045776367,
        "Acc.traffic light": 0.6563999938964844,
        "Acc.traffic sign": 0.31979999542236326,
        "Acc.vegetation": 0.925199966430664,
        "Acc.terrain": 0.266200008392334,
        "Acc.sky": 0.024500000476837158,
        "Acc.person": 0.39490001678466796,
        "Acc.rider": 0.43520000457763675,
        "Acc.car": 0.7679000091552735,
        "Acc.truck": NaN,
        "Acc.bus": NaN,
        "Acc.train": 0.0,
        "Acc.motorcycle": 0.18,
        "Acc.bicycle": 0.35970001220703124
    }
}