{
    "config": "configs/darkzurich/ddp_convnext_l_4x4_1080x1920_test_darkzurich.py",
    "metric": {
        "aAcc": 0.6818000000000001,
        "mIoU": 0.33,
        "mAcc": 0.4951,
        "IoU.road": 0.8577999877929687,
        "IoU.sidewalk": 0.5897999954223633,
        "IoU.building": 0.6829000091552735,
        "IoU.wall": 0.15970000267028808,
        "IoU.fence": 0.45849998474121095,
        "IoU.pole": 0.3906999969482422,
        "IoU.traffic light": 0.4829999923706055,
        "IoU.traffic sign": 0.29920000076293946,
        "IoU.vegetation": 0.4425,
        "IoU.terrain": 0.22450000762939454,
        "IoU.sky": 0.115,
        "IoU.person": 0.30670000076293946,
        "IoU.rider": 0.32360000610351564,
        "IoU.car": 0.41819999694824217,
        "IoU.truck": 0.0,
        "IoU.bus": 0.0,
        "IoU.train": 0.0,
        "IoU.motorcycle": 0.17149999618530273,
        "IoU.bicycle": 0.34720001220703123,
        "Acc.road": 0.9769999694824218,
        "Acc.sidewalk": 0.6863999938964844,
        "Acc.building": 0.9273999786376953,
        "Acc.wall": 0.17010000228881836,
        "Acc.fence": 0.5195999908447265,
        "Acc.pole": 0.5640999984741211,
        "Acc.traffic light": 0.6930999755859375,
        "Acc.traffic sign": 0.34419998168945315,
        "Acc.vegetation": 0.9259999847412109,
        "Acc.terrain": 0.2518000030517578,
        "Acc.sky": 0.11539999961853027,
        "Acc.person": 0.442599983215332,
        "Acc.rider": 0.40669998168945315,
        "Acc.car": 0.7894999694824218,
        "Acc.truck": NaN,
        "Acc.bus": NaN,
        "Acc.train": 0.0,
        "Acc.motorcycle": 0.19450000762939454,
        "Acc.bicycle": 0.40759998321533203
    }
}