{
    "config": "configs/darkzurich/ddp_convnext_l_4x4_1080x1920_test_darkzurich.py",
    "metric": {
        "aAcc": 0.6525,
        "mIoU": 0.1456,
        "mAcc": 0.2191,
        "IoU.road": 0.6637000274658204,
        "IoU.sidewalk": 0.18229999542236328,
        "IoU.building": 0.5047000122070312,
        "IoU.wall": 0.10600000381469726,
        "IoU.fence": 0.10489999771118164,
        "IoU.pole": 0.007900000214576722,
        "IoU.traffic light": 0.0,
        "IoU.traffic sign": 0.013200000524520875,
        "IoU.vegetation": 0.4413999938964844,
        "IoU.terrain": 0.037799999713897706,
        "IoU.sky": 0.6712000274658203,
        "IoU.person": 0.0,
        "IoU.rider": 0.0,
        "IoU.car": 0.03259999990463257,
        "IoU.truck": 0.0,
        "IoU.bus": 0.0,
        "IoU.train": 0.0,
        "IoU.motorcycle": 0.0,
        "IoU.bicycle": 0.0,
        "Acc.road": 0.9855999755859375,
        "Acc.sidewalk": 0.3046999931335449,
        "Acc.building": 0.6581999969482422,
        "Acc.wall": 0.14409999847412108,
        "Acc.fence": 0.1459000015258789,
        "Acc.pole": 0.016200000047683717,
        "Acc.traffic light": 0.0,
        "Acc.traffic sign": 0.024200000762939454,
        "Acc.vegetation": 0.5936999893188477,
        "Acc.terrain": 0.07820000171661377,
        "Acc.sky": 0.6825,
        "Acc.person": 0.0,
        "Acc.rider": 0.0,
        "Acc.car": 0.09199999809265137,
        "Acc.truck": NaN,
        "Acc.bus": NaN,
        "Acc.train": 0.0,
        "Acc.motorcycle": 0.0,
        "Acc.bicycle": 0.0
    }
}