{
    "config": "configs/darkzurich/ddp_convnext_l_4x4_1080x1920_test_darkzurich.py",
    "metric": {
        "aAcc": 0.6917,
        "mIoU": 0.3475,
        "mAcc": 0.5052,
        "IoU.road": 0.8980000305175782,
        "IoU.sidewalk": 0.585999984741211,
        "IoU.building": 0.6552999877929687,
        "IoU.wall": 0.06889999866485595,
        "IoU.fence": 0.48150001525878905,
        "IoU.pole": 0.37599998474121094,
        "IoU.traffic light": 0.45529998779296876,
        "IoU.traffic sign": 0.24629999160766602,
        "IoU.vegetation": 0.4284999847412109,
        "IoU.terrain": 0.24629999160766602,
        "IoU.sky": 0.21809999465942384,
        "IoU.person": 0.27850000381469725,
        "IoU.rider": 0.387599983215332,
        "IoU.car": 0.6805999755859375,
        "IoU.truck": 0.0,
        "IoU.bus": 0.0,
        "IoU.train": 0.0,
        "IoU.motorcycle": 0.17600000381469727,
        "IoU.bicycle": 0.42020000457763673,
        "Acc.road": 0.971500015258789,
        "Acc.sidewalk": 0.6858000183105468,
        "Acc.building": 0.8684999847412109,
        "Acc.wall": 0.0703000020980835,
        "Acc.fence": 0.6430000305175781,
        "Acc.pole": 0.5006000137329102,
        "Acc.traffic light": 0.6325,
        "Acc.traffic sign": 0.26540000915527345,
        "Acc.vegetation": 0.8987999725341796,
        "Acc.terrain": 0.392599983215332,
        "Acc.sky": 0.22209999084472656,
        "Acc.person": 0.44029998779296875,
        "Acc.rider": 0.49080001831054687,
        "Acc.car": 0.8236000061035156,
        "Acc.truck": NaN,
        "Acc.bus": NaN,
        "Acc.train": 0.0,
        "Acc.motorcycle": 0.19829999923706054,
        "Acc.bicycle": 0.4840999984741211
    }
}