{
    "config": "configs/darkzurich/ddp_convnext_l_4x4_1080x1920_test_darkzurich.py",
    "metric": {
        "aAcc": 0.6737000000000001,
        "mIoU": 0.33030000000000004,
        "mAcc": 0.4886,
        "IoU.road": 0.8380999755859375,
        "IoU.sidewalk": 0.518499984741211,
        "IoU.building": 0.5109999847412109,
        "IoU.wall": 0.05920000076293945,
        "IoU.fence": 0.4647999954223633,
        "IoU.pole": 0.3572999954223633,
        "IoU.traffic light": 0.4483000183105469,
        "IoU.traffic sign": 0.25420000076293947,
        "IoU.vegetation": 0.5145000076293945,
        "IoU.terrain": 0.21389999389648437,
        "IoU.sky": 0.2325,
        "IoU.person": 0.25709999084472657,
        "IoU.rider": 0.3706999969482422,
        "IoU.car": 0.6654000091552734,
        "IoU.truck": 0.0,
        "IoU.bus": 0.0,
        "IoU.train": 0.0,
        "IoU.motorcycle": 0.173700008392334,
        "IoU.bicycle": 0.39619998931884765,
        "Acc.road": 0.9723000335693359,
        "Acc.sidewalk": 0.5934999847412109,
        "Acc.building": 0.9116999816894531,
        "Acc.wall": 0.06019999980926514,
        "Acc.fence": 0.6109000015258789,
        "Acc.pole": 0.4622000122070313,
        "Acc.traffic light": 0.6470999908447266,
        "Acc.traffic sign": 0.27719999313354493,
        "Acc.vegetation": 0.7558000183105469,
        "Acc.terrain": 0.35520000457763673,
        "Acc.sky": 0.23950000762939452,
        "Acc.person": 0.419900016784668,
        "Acc.rider": 0.5081999969482421,
        "Acc.car": 0.841500015258789,
        "Acc.truck": NaN,
        "Acc.bus": NaN,
        "Acc.train": 0.0,
        "Acc.motorcycle": 0.1946999931335449,
        "Acc.bicycle": 0.45549999237060546
    }
}