{
    "config": "configs/darkzurich/ddp_convnext_l_4x4_1080x1920_test_darkzurich.py",
    "metric": {
        "aAcc": 0.6981,
        "mIoU": 0.3211,
        "mAcc": 0.47159999999999996,
        "IoU.road": 0.8154000091552734,
        "IoU.sidewalk": 0.45290000915527345,
        "IoU.building": 0.6170000076293946,
        "IoU.wall": 0.07300000190734864,
        "IoU.fence": 0.4413999938964844,
        "IoU.pole": 0.3438999938964844,
        "IoU.traffic light": 0.4940999984741211,
        "IoU.traffic sign": 0.29600000381469727,
        "IoU.vegetation": 0.47259998321533203,
        "IoU.terrain": 0.18719999313354493,
        "IoU.sky": 0.344900016784668,
        "IoU.person": 0.26209999084472657,
        "IoU.rider": 0.34880001068115235,
        "IoU.car": 0.47470001220703123,
        "IoU.truck": 0.0,
        "IoU.bus": 0.0,
        "IoU.train": 0.0,
        "IoU.motorcycle": 0.16239999771118163,
        "IoU.bicycle": 0.3139999961853027,
        "Acc.road": 0.9748999786376953,
        "Acc.sidewalk": 0.5152999877929687,
        "Acc.building": 0.8948000335693359,
        "Acc.wall": 0.07449999809265137,
        "Acc.fence": 0.510099983215332,
        "Acc.pole": 0.4590999984741211,
        "Acc.traffic light": 0.6493000030517578,
        "Acc.traffic sign": 0.33220001220703127,
        "Acc.vegetation": 0.8184999847412109,
        "Acc.terrain": 0.327599983215332,
        "Acc.sky": 0.35310001373291017,
        "Acc.person": 0.37290000915527344,
        "Acc.rider": 0.46610000610351565,
        "Acc.car": 0.7330000305175781,
        "Acc.truck": NaN,
        "Acc.bus": NaN,
        "Acc.train": 0.0,
        "Acc.motorcycle": 0.17889999389648437,
        "Acc.bicycle": 0.3561000061035156
    }
}