{
    "config": "configs/darkzurich/ddp_convnext_l_4x4_1080x1920_test_darkzurich.py",
    "metric": {
        "aAcc": 0.6643000000000001,
        "mIoU": 0.31079999999999997,
        "mAcc": 0.46880000000000005,
        "IoU.road": 0.7683000183105468,
        "IoU.sidewalk": 0.46130001068115234,
        "IoU.building": 0.5658000183105468,
        "IoU.wall": 0.12159999847412109,
        "IoU.fence": 0.44729999542236326,
        "IoU.pole": 0.35970001220703124,
        "IoU.traffic light": 0.47639999389648435,
        "IoU.traffic sign": 0.3053000068664551,
        "IoU.vegetation": 0.4940999984741211,
        "IoU.terrain": 0.21670000076293947,
        "IoU.sky": 0.17959999084472655,
        "IoU.person": 0.29350000381469726,
        "IoU.rider": 0.32360000610351564,
        "IoU.car": 0.40669998168945315,
        "IoU.truck": 0.0,
        "IoU.bus": 0.0,
        "IoU.train": 0.0,
        "IoU.motorcycle": 0.15800000190734864,
        "IoU.bicycle": 0.32779998779296876,
        "Acc.road": 0.9775,
        "Acc.sidewalk": 0.5313999938964844,
        "Acc.building": 0.9198999786376953,
        "Acc.wall": 0.13100000381469726,
        "Acc.fence": 0.4961999893188477,
        "Acc.pole": 0.49770000457763675,
        "Acc.traffic light": 0.652300033569336,
        "Acc.traffic sign": 0.34720001220703123,
        "Acc.vegetation": 0.8137999725341797,
        "Acc.terrain": 0.2588999938964844,
        "Acc.sky": 0.18129999160766602,
        "Acc.person": 0.43099998474121093,
        "Acc.rider": 0.43189998626708986,
        "Acc.car": 0.7544000244140625,
        "Acc.truck": NaN,
        "Acc.bus": NaN,
        "Acc.train": 0.0,
        "Acc.motorcycle": 0.1743000030517578,
        "Acc.bicycle": 0.3706000137329102
    }
}