{
    "config": "configs/darkzurich/ddp_convnext_l_4x4_1080x1920_test_darkzurich.py",
    "metric": {
        "aAcc": 0.6769,
        "mIoU": 0.3258,
        "mAcc": 0.4938,
        "IoU.road": 0.7116000366210937,
        "IoU.sidewalk": 0.4670999908447266,
        "IoU.building": 0.5808000183105468,
        "IoU.wall": 0.14229999542236327,
        "IoU.fence": 0.4575,
        "IoU.pole": 0.45599998474121095,
        "IoU.traffic light": 0.35220001220703123,
        "IoU.traffic sign": 0.2747999954223633,
        "IoU.vegetation": 0.5402000045776367,
        "IoU.terrain": 0.2578000068664551,
        "IoU.sky": 0.23549999237060548,
        "IoU.person": 0.2539999961853027,
        "IoU.rider": 0.3977000045776367,
        "IoU.car": 0.6501000213623047,
        "IoU.truck": 0.0,
        "IoU.bus": 0.0,
        "IoU.train": 0.0,
        "IoU.motorcycle": 0.19049999237060547,
        "IoU.bicycle": 0.22280000686645507,
        "Acc.road": 0.9761000061035157,
        "Acc.sidewalk": 0.5329000091552735,
        "Acc.building": 0.8712000274658203,
        "Acc.wall": 0.16360000610351563,
        "Acc.fence": 0.5013000106811524,
        "Acc.pole": 0.6334000015258789,
        "Acc.traffic light": 0.6308000183105469,
        "Acc.traffic sign": 0.30620000839233397,
        "Acc.vegetation": 0.8411000061035157,
        "Acc.terrain": 0.5068000030517578,
        "Acc.sky": 0.23899999618530274,
        "Acc.person": 0.35880001068115236,
        "Acc.rider": 0.5477999877929688,
        "Acc.car": 0.8122000122070312,
        "Acc.truck": NaN,
        "Acc.bus": NaN,
        "Acc.train": 0.0,
        "Acc.motorcycle": 0.21770000457763672,
        "Acc.bicycle": 0.2559000015258789
    }
}