{
    "config": "configs/darkzurich/ddp_convnext_l_4x4_1080x1920_test_darkzurich.py",
    "metric": {
        "aAcc": 0.6232,
        "mIoU": 0.3081,
        "mAcc": 0.4696,
        "IoU.road": 0.8112000274658203,
        "IoU.sidewalk": 0.4729000091552734,
        "IoU.building": 0.4527000045776367,
        "IoU.wall": 0.1015999984741211,
        "IoU.fence": 0.44880001068115233,
        "IoU.pole": 0.3484999847412109,
        "IoU.traffic light": 0.48259998321533204,
        "IoU.traffic sign": 0.3263999938964844,
        "IoU.vegetation": 0.4911999893188477,
        "IoU.terrain": 0.27420000076293943,
        "IoU.sky": 0.07159999847412109,
        "IoU.person": 0.25579999923706054,
        "IoU.rider": 0.3554000091552734,
        "IoU.car": 0.5950999832153321,
        "IoU.truck": 0.0,
        "IoU.bus": 0.0,
        "IoU.train": 0.0,
        "IoU.motorcycle": 0.1413000011444092,
        "IoU.bicycle": 0.2246999931335449,
        "Acc.road": 0.9725,
        "Acc.sidewalk": 0.5352000045776367,
        "Acc.building": 0.9312000274658203,
        "Acc.wall": 0.11979999542236328,
        "Acc.fence": 0.5663999938964843,
        "Acc.pole": 0.4515000152587891,
        "Acc.traffic light": 0.721500015258789,
        "Acc.traffic sign": 0.3881999969482422,
        "Acc.vegetation": 0.675,
        "Acc.terrain": 0.4986000061035156,
        "Acc.sky": 0.07179999828338623,
        "Acc.person": 0.4,
        "Acc.rider": 0.4434000015258789,
        "Acc.car": 0.8126999664306641,
        "Acc.truck": NaN,
        "Acc.bus": NaN,
        "Acc.train": 0.0,
        "Acc.motorcycle": 0.15069999694824218,
        "Acc.bicycle": 0.24479999542236328
    }
}