{
    "config": "configs/darkzurich/ddp_convnext_l_4x4_1080x1920_test_darkzurich.py",
    "metric": {
        "aAcc": 0.6445000000000001,
        "mIoU": 0.3017,
        "mAcc": 0.4535,
        "IoU.road": 0.7926999664306641,
        "IoU.sidewalk": 0.4765999984741211,
        "IoU.building": 0.5572000122070313,
        "IoU.wall": 0.09170000076293945,
        "IoU.fence": 0.4413999938964844,
        "IoU.pole": 0.30209999084472655,
        "IoU.traffic light": 0.489900016784668,
        "IoU.traffic sign": 0.2670000076293945,
        "IoU.vegetation": 0.4754999923706055,
        "IoU.terrain": 0.2347999954223633,
        "IoU.sky": 0.06840000152587891,
        "IoU.person": 0.2620000076293945,
        "IoU.rider": 0.2635000038146973,
        "IoU.car": 0.5222000122070313,
        "IoU.truck": 0.0,
        "IoU.bus": 0.0,
        "IoU.train": 0.0,
        "IoU.motorcycle": 0.16969999313354492,
        "IoU.bicycle": 0.3178000068664551,
        "Acc.road": 0.9762000274658204,
        "Acc.sidewalk": 0.5509000015258789,
        "Acc.building": 0.908499984741211,
        "Acc.wall": 0.095,
        "Acc.fence": 0.5102999877929687,
        "Acc.pole": 0.3863999938964844,
        "Acc.traffic light": 0.637400016784668,
        "Acc.traffic sign": 0.29649999618530276,
        "Acc.vegetation": 0.8580000305175781,
        "Acc.terrain": 0.4047000122070312,
        "Acc.sky": 0.06860000133514405,
        "Acc.person": 0.36630001068115237,
        "Acc.rider": 0.32970001220703127,
        "Acc.car": 0.7772000122070313,
        "Acc.truck": NaN,
        "Acc.bus": NaN,
        "Acc.train": 0.0,
        "Acc.motorcycle": 0.19030000686645507,
        "Acc.bicycle": 0.35400001525878905
    }
}