{
    "config": "configs/darkzurich/ddp_convnext_l_4x4_1080x1920_test_darkzurich.py",
    "metric": {
        "aAcc": 0.6514,
        "mIoU": 0.21710000000000002,
        "mAcc": 0.3111,
        "IoU.road": 0.8811000061035156,
        "IoU.sidewalk": 0.6683000183105469,
        "IoU.building": 0.7537000274658203,
        "IoU.wall": 0.0007000000029802323,
        "IoU.fence": 0.2696999931335449,
        "IoU.pole": 0.05159999847412109,
        "IoU.traffic light": 0.0,
        "IoU.traffic sign": 0.011100000143051148,
        "IoU.vegetation": 0.43990001678466795,
        "IoU.terrain": 0.0,
        "IoU.sky": 0.0,
        "IoU.person": 0.014199999570846557,
        "IoU.rider": 0.00699999988079071,
        "IoU.car": 0.49790000915527344,
        "IoU.truck": NaN,
        "IoU.bus": NaN,
        "IoU.train": 0.0,
        "IoU.motorcycle": 0.09159999847412109,
        "IoU.bicycle": 0.003100000023841858,
        "Acc.road": 0.985,
        "Acc.sidewalk": 0.8279000091552734,
        "Acc.building": 0.918499984741211,
        "Acc.wall": 0.0007000000029802323,
        "Acc.fence": 0.2834000015258789,
        "Acc.pole": 0.6626000213623047,
        "Acc.traffic light": 0.0,
        "Acc.traffic sign": 0.011100000143051148,
        "Acc.vegetation": 0.9612999725341796,
        "Acc.terrain": 0.0,
        "Acc.sky": 0.0,
        "Acc.person": 0.01440000057220459,
        "Acc.rider": 0.00699999988079071,
        "Acc.car": 0.5206999969482422,
        "Acc.truck": NaN,
        "Acc.bus": NaN,
        "Acc.train": 0.0,
        "Acc.motorcycle": 0.09359999656677247,
        "Acc.bicycle": 0.003100000023841858
    }
}