{
    "config": "configs/darkzurich/ddp_convnext_l_4x4_1080x1920_test_darkzurich.py",
    "metric": {
        "aAcc": 0.6917,
        "mIoU": 0.3225,
        "mAcc": 0.473,
        "IoU.road": 0.8022000122070313,
        "IoU.sidewalk": 0.4859000015258789,
        "IoU.building": 0.5584000015258789,
        "IoU.wall": 0.12109999656677246,
        "IoU.fence": 0.44709999084472657,
        "IoU.pole": 0.3575,
        "IoU.traffic light": 0.4859999847412109,
        "IoU.traffic sign": 0.28569999694824216,
        "IoU.vegetation": 0.48950000762939455,
        "IoU.terrain": 0.1803000068664551,
        "IoU.sky": 0.34450000762939453,
        "IoU.person": 0.2669000053405762,
        "IoU.rider": 0.3370000076293945,
        "IoU.car": 0.4868000030517578,
        "IoU.truck": 0.0,
        "IoU.bus": 0.0,
        "IoU.train": 0.0,
        "IoU.motorcycle": 0.16809999465942382,
        "IoU.bicycle": 0.31090000152587893,
        "Acc.road": 0.9745999908447266,
        "Acc.sidewalk": 0.5629999923706055,
        "Acc.building": 0.9030999755859375,
        "Acc.wall": 0.12829999923706054,
        "Acc.fence": 0.5118999862670899,
        "Acc.pole": 0.48759998321533204,
        "Acc.traffic light": 0.6675,
        "Acc.traffic sign": 0.31959999084472657,
        "Acc.vegetation": 0.7405999755859375,
        "Acc.terrain": 0.2840999984741211,
        "Acc.sky": 0.35389999389648436,
        "Acc.person": 0.3883000183105469,
        "Acc.rider": 0.4441999816894531,
        "Acc.car": 0.7397000122070313,
        "Acc.truck": NaN,
        "Acc.bus": NaN,
        "Acc.train": 0.0,
        "Acc.motorcycle": 0.1868000030517578,
        "Acc.bicycle": 0.3484000015258789
    }
}