{
    "config": "configs/darkzurich/ddp_convnext_l_4x4_1080x1920_test_darkzurich.py",
    "metric": {
        "aAcc": 0.6362,
        "mIoU": 0.31739999999999996,
        "mAcc": 0.4885,
        "IoU.road": 0.8758999633789063,
        "IoU.sidewalk": 0.4941999816894531,
        "IoU.building": 0.5113000106811524,
        "IoU.wall": 0.1725,
        "IoU.fence": 0.46869998931884765,
        "IoU.pole": 0.3543000030517578,
        "IoU.traffic light": 0.45229999542236327,
        "IoU.traffic sign": 0.22760000228881835,
        "IoU.vegetation": 0.48380001068115236,
        "IoU.terrain": 0.17760000228881836,
        "IoU.sky": 0.03789999961853027,
        "IoU.person": 0.25559999465942385,
        "IoU.rider": 0.4068000030517578,
        "IoU.car": 0.6866999816894531,
        "IoU.truck": 0.0,
        "IoU.bus": 0.0,
        "IoU.train": 0.0,
        "IoU.motorcycle": 0.19200000762939454,
        "IoU.bicycle": 0.23420000076293945,
        "Acc.road": 0.954800033569336,
        "Acc.sidewalk": 0.5545000076293946,
        "Acc.building": 0.8670999908447266,
        "Acc.wall": 0.2077000045776367,
        "Acc.fence": 0.5722000122070312,
        "Acc.pole": 0.47369998931884766,
        "Acc.traffic light": 0.6661000061035156,
        "Acc.traffic sign": 0.243700008392334,
        "Acc.vegetation": 0.8937000274658203,
        "Acc.terrain": 0.5218999862670899,
        "Acc.sky": 0.03789999961853027,
        "Acc.person": 0.34549999237060547,
        "Acc.rider": 0.638400001525879,
        "Acc.car": 0.8306999969482421,
        "Acc.truck": NaN,
        "Acc.bus": NaN,
        "Acc.train": 0.0,
        "Acc.motorcycle": 0.2109000015258789,
        "Acc.bicycle": 0.28549999237060547
    }
}