{
    "config": "configs/darkzurich/ddp_convnext_l_4x4_1080x1920_test_darkzurich.py",
    "metric": {
        "aAcc": 0.6518,
        "mIoU": 0.311,
        "mAcc": 0.4836,
        "IoU.road": 0.7237999725341797,
        "IoU.sidewalk": 0.49349998474121093,
        "IoU.building": 0.5786999893188477,
        "IoU.wall": 0.17780000686645508,
        "IoU.fence": 0.445099983215332,
        "IoU.pole": 0.34029998779296877,
        "IoU.traffic light": 0.3920000076293945,
        "IoU.traffic sign": 0.251200008392334,
        "IoU.vegetation": 0.4961999893188477,
        "IoU.terrain": 0.2168000030517578,
        "IoU.sky": 0.12439999580383301,
        "IoU.person": 0.24540000915527344,
        "IoU.rider": 0.37139999389648437,
        "IoU.car": 0.6284999847412109,
        "IoU.truck": 0.0,
        "IoU.bus": 0.0,
        "IoU.train": 0.0,
        "IoU.motorcycle": 0.19440000534057617,
        "IoU.bicycle": 0.22889999389648438,
        "Acc.road": 0.9655000305175782,
        "Acc.sidewalk": 0.5488999938964844,
        "Acc.building": 0.9030000305175782,
        "Acc.wall": 0.22399999618530272,
        "Acc.fence": 0.5213999938964844,
        "Acc.pole": 0.45779998779296877,
        "Acc.traffic light": 0.6637999725341797,
        "Acc.traffic sign": 0.2769000053405762,
        "Acc.vegetation": 0.8088999938964844,
        "Acc.terrain": 0.5679000091552734,
        "Acc.sky": 0.12489999771118164,
        "Acc.person": 0.35470001220703123,
        "Acc.rider": 0.5854000091552735,
        "Acc.car": 0.7380999755859375,
        "Acc.truck": NaN,
        "Acc.bus": NaN,
        "Acc.train": 0.0,
        "Acc.motorcycle": 0.21540000915527344,
        "Acc.bicycle": 0.2652000045776367
    }
}