{
    "config": "configs/darkzurich/ddp_convnext_l_4x4_1080x1920_test_darkzurich.py",
    "metric": {
        "aAcc": 0.6565000000000001,
        "mIoU": 0.31,
        "mAcc": 0.46049999999999996,
        "IoU.road": 0.785199966430664,
        "IoU.sidewalk": 0.4843000030517578,
        "IoU.building": 0.49450000762939456,
        "IoU.wall": 0.06,
        "IoU.fence": 0.4443999862670898,
        "IoU.pole": 0.33110000610351564,
        "IoU.traffic light": 0.48130001068115236,
        "IoU.traffic sign": 0.28569999694824216,
        "IoU.vegetation": 0.5068000030517578,
        "IoU.terrain": 0.19680000305175782,
        "IoU.sky": 0.20809999465942383,
        "IoU.person": 0.3031999969482422,
        "IoU.rider": 0.32220001220703126,
        "IoU.car": 0.4890999984741211,
        "IoU.truck": 0.0,
        "IoU.bus": 0.0,
        "IoU.train": 0.0,
        "IoU.motorcycle": 0.16590000152587892,
        "IoU.bicycle": 0.3313999938964844,
        "Acc.road": 0.9766999816894532,
        "Acc.sidewalk": 0.5459000015258789,
        "Acc.building": 0.922300033569336,
        "Acc.wall": 0.060900001525878905,
        "Acc.fence": 0.504000015258789,
        "Acc.pole": 0.4565000152587891,
        "Acc.traffic light": 0.6469999694824219,
        "Acc.traffic sign": 0.32040000915527345,
        "Acc.vegetation": 0.7252999877929688,
        "Acc.terrain": 0.2589999961853027,
        "Acc.sky": 0.21069999694824218,
        "Acc.person": 0.4677000045776367,
        "Acc.rider": 0.4372999954223633,
        "Acc.car": 0.7319000244140625,
        "Acc.truck": NaN,
        "Acc.bus": NaN,
        "Acc.train": 0.0,
        "Acc.motorcycle": 0.18850000381469725,
        "Acc.bicycle": 0.3738000106811523
    }
}