{
    "config": "configs/darkzurich/ddp_convnext_t_4x4_1080x1920_test_darkzurich_mod_ours.py",
    "metric": {
        "aAcc": 0.5502,
        "mIoU": 0.1808,
        "mAcc": 0.2871,
        "IoU.road": 0.5711000061035156,
        "IoU.sidewalk": 0.2617000007629395,
        "IoU.building": 0.4777000045776367,
        "IoU.wall": 0.1452000045776367,
        "IoU.fence": 0.09210000038146973,
        "IoU.pole": 0.27790000915527346,
        "IoU.traffic light": 0.0,
        "IoU.traffic sign": 0.08119999885559082,
        "IoU.vegetation": 0.4272999954223633,
        "IoU.terrain": 0.15100000381469728,
        "IoU.sky": 0.00039999999105930326,
        "IoU.person": 0.09550000190734863,
        "IoU.rider": 0.0,
        "IoU.car": 0.43529998779296875,
        "IoU.truck": NaN,
        "IoU.bus": NaN,
        "IoU.train": 0.0,
        "IoU.motorcycle": 0.0,
        "IoU.bicycle": 0.05679999828338623,
        "Acc.road": 0.9612000274658203,
        "Acc.sidewalk": 0.29100000381469726,
        "Acc.building": 0.9183000183105469,
        "Acc.wall": 0.1775,
        "Acc.fence": 0.0934000015258789,
        "Acc.pole": 0.4140999984741211,
        "Acc.traffic light": 0.0,
        "Acc.traffic sign": 0.08560000419616699,
        "Acc.vegetation": 0.5902999877929688,
        "Acc.terrain": 0.2502000045776367,
        "Acc.sky": 0.00039999999105930326,
        "Acc.person": 0.30520000457763674,
        "Acc.rider": 0.0,
        "Acc.car": 0.7351000213623047,
        "Acc.truck": NaN,
        "Acc.bus": NaN,
        "Acc.train": 0.0,
        "Acc.motorcycle": 0.0,
        "Acc.bicycle": 0.05889999866485596
    }
}