{
    "config": "configs/darkzurich/ddp_convnext_t_4x4_1080x1920_test_darkzurich_mod_ours.py",
    "metric": {
        "aAcc": 0.49570000000000003,
        "mIoU": 0.14980000000000002,
        "mAcc": 0.2403,
        "IoU.road": 0.5513000106811523,
        "IoU.sidewalk": 0.11340000152587891,
        "IoU.building": 0.40369998931884765,
        "IoU.wall": 0.16540000915527345,
        "IoU.fence": 0.08010000228881836,
        "IoU.pole": 0.2022999954223633,
        "IoU.traffic light": 0.0,
        "IoU.traffic sign": 0.05130000114440918,
        "IoU.vegetation": 0.27149999618530274,
        "IoU.terrain": 0.10609999656677246,
        "IoU.sky": 9.999999776482581e-05,
        "IoU.person": 0.12640000343322755,
        "IoU.rider": 0.0,
        "IoU.car": 0.44549999237060545,
        "IoU.truck": NaN,
        "IoU.bus": NaN,
        "IoU.train": 0.0,
        "IoU.motorcycle": 0.0,
        "IoU.bicycle": 0.028900001049041748,
        "Acc.road": 0.9593000030517578,
        "Acc.sidewalk": 0.12119999885559082,
        "Acc.building": 0.955999984741211,
        "Acc.wall": 0.1975,
        "Acc.fence": 0.08079999923706055,
        "Acc.pole": 0.3192000007629395,
        "Acc.traffic light": 0.0,
        "Acc.traffic sign": 0.053600001335144046,
        "Acc.vegetation": 0.29700000762939455,
        "Acc.terrain": 0.15770000457763672,
        "Acc.sky": 9.999999776482581e-05,
        "Acc.person": 0.2552000045776367,
        "Acc.rider": 0.0,
        "Acc.car": 0.6580999755859375,
        "Acc.truck": NaN,
        "Acc.bus": NaN,
        "Acc.train": 0.0,
        "Acc.motorcycle": 0.0,
        "Acc.bicycle": 0.02950000047683716
    }
}