{
    "config": "configs/darkzurich/ddp_convnext_t_4x4_1080x1920_test_darkzurich_mod_ours.py",
    "metric": {
        "aAcc": 0.6047,
        "mIoU": 0.2211,
        "mAcc": 0.3237,
        "IoU.road": 0.8036000061035157,
        "IoU.sidewalk": 0.41080001831054686,
        "IoU.building": 0.5470999908447266,
        "IoU.wall": 0.1940999984741211,
        "IoU.fence": 0.12439999580383301,
        "IoU.pole": 0.1997999954223633,
        "IoU.traffic light": 0.0,
        "IoU.traffic sign": 0.09930000305175782,
        "IoU.vegetation": 0.4225,
        "IoU.terrain": 0.1715999984741211,
        "IoU.sky": 9.999999776482581e-05,
        "IoU.person": 0.12409999847412109,
        "IoU.rider": 0.0,
        "IoU.car": 0.5468999862670898,
        "IoU.truck": NaN,
        "IoU.bus": NaN,
        "IoU.train": 0.0,
        "IoU.motorcycle": 0.0,
        "IoU.bicycle": 0.11369999885559082,
        "Acc.road": 0.9641000366210938,
        "Acc.sidewalk": 0.47389999389648435,
        "Acc.building": 0.8458999633789063,
        "Acc.wall": 0.2979999923706055,
        "Acc.fence": 0.12619999885559083,
        "Acc.pole": 0.25459999084472656,
        "Acc.traffic light": 0.0,
        "Acc.traffic sign": 0.10539999961853028,
        "Acc.vegetation": 0.9105999755859375,
        "Acc.terrain": 0.32970001220703127,
        "Acc.sky": 9.999999776482581e-05,
        "Acc.person": 0.26649999618530273,
        "Acc.rider": 0.0,
        "Acc.car": 0.8077999877929688,
        "Acc.truck": NaN,
        "Acc.bus": NaN,
        "Acc.train": 0.0,
        "Acc.motorcycle": 0.0,
        "Acc.bicycle": 0.12029999732971192
    }
}