{
    "config": "configs/darkzurich/ddp_convnext_t_4x4_1080x1920_test_darkzurich_mod_ours.py",
    "metric": {
        "aAcc": 0.45630000000000004,
        "mIoU": 0.1195,
        "mAcc": 0.1991,
        "IoU.road": 0.40279998779296877,
        "IoU.sidewalk": 0.19590000152587891,
        "IoU.building": 0.4515999984741211,
        "IoU.wall": 0.17700000762939452,
        "IoU.fence": 0.05760000228881836,
        "IoU.pole": 0.055399999618530274,
        "IoU.traffic light": 0.0,
        "IoU.traffic sign": 0.017699999809265135,
        "IoU.vegetation": 0.17670000076293946,
        "IoU.terrain": 0.05900000095367432,
        "IoU.sky": 0.00029999999329447744,
        "IoU.person": 0.10640000343322754,
        "IoU.rider": 0.0,
        "IoU.car": 0.31610000610351563,
        "IoU.truck": NaN,
        "IoU.bus": NaN,
        "IoU.train": 0.0,
        "IoU.motorcycle": 0.0,
        "IoU.bicycle": 0.015,
        "Acc.road": 0.9544000244140625,
        "Acc.sidewalk": 0.2115999984741211,
        "Acc.building": 0.837699966430664,
        "Acc.wall": 0.2643000030517578,
        "Acc.fence": 0.057899999618530276,
        "Acc.pole": 0.0721999979019165,
        "Acc.traffic light": 0.0,
        "Acc.traffic sign": 0.020699999332427978,
        "Acc.vegetation": 0.19799999237060548,
        "Acc.terrain": 0.09159999847412109,
        "Acc.sky": 0.00029999999329447744,
        "Acc.person": 0.20450000762939452,
        "Acc.rider": 0.0,
        "Acc.car": 0.45669998168945314,
        "Acc.truck": NaN,
        "Acc.bus": NaN,
        "Acc.train": 0.0,
        "Acc.motorcycle": 0.0,
        "Acc.bicycle": 0.015099999904632568
    }
}