{
    "config": "configs/darkzurich/ddp_convnext_t_4x4_1080x1920_test_darkzurich_mod_ours.py",
    "metric": {
        "aAcc": 0.5992000000000001,
        "mIoU": 0.2108,
        "mAcc": 0.3204,
        "IoU.road": 0.6863999938964844,
        "IoU.sidewalk": 0.4038999938964844,
        "IoU.building": 0.574900016784668,
        "IoU.wall": 0.12899999618530272,
        "IoU.fence": 0.11319999694824219,
        "IoU.pole": 0.24989999771118165,
        "IoU.traffic light": 0.0,
        "IoU.traffic sign": 0.0925,
        "IoU.vegetation": 0.43970001220703125,
        "IoU.terrain": 0.1647999954223633,
        "IoU.sky": 9.999999776482581e-05,
        "IoU.person": 0.10300000190734863,
        "IoU.rider": 0.0,
        "IoU.car": 0.5193999862670898,
        "IoU.truck": NaN,
        "IoU.bus": NaN,
        "IoU.train": 0.0,
        "IoU.motorcycle": 0.0,
        "IoU.bicycle": 0.10630000114440918,
        "Acc.road": 0.9672000122070312,
        "Acc.sidewalk": 0.4631999969482422,
        "Acc.building": 0.8612999725341797,
        "Acc.wall": 0.17209999084472657,
        "Acc.fence": 0.11489999771118165,
        "Acc.pole": 0.3647999954223633,
        "Acc.traffic light": 0.0,
        "Acc.traffic sign": 0.10239999771118163,
        "Acc.vegetation": 0.8752999877929688,
        "Acc.terrain": 0.2986000061035156,
        "Acc.sky": 9.999999776482581e-05,
        "Acc.person": 0.31510000228881835,
        "Acc.rider": 0.0,
        "Acc.car": 0.7994999694824219,
        "Acc.truck": NaN,
        "Acc.bus": NaN,
        "Acc.train": 0.0,
        "Acc.motorcycle": 0.0,
        "Acc.bicycle": 0.1125
    }
}