{
    "config": "configs/darkzurich/ddp_convnext_t_4x4_1080x1920_test_darkzurich_mod_ours.py",
    "metric": {
        "aAcc": 0.5609000000000001,
        "mIoU": 0.1834,
        "mAcc": 0.2953,
        "IoU.road": 0.5820000076293945,
        "IoU.sidewalk": 0.3243000030517578,
        "IoU.building": 0.5158000183105469,
        "IoU.wall": 0.108100004196167,
        "IoU.fence": 0.08210000038146972,
        "IoU.pole": 0.2738999938964844,
        "IoU.traffic light": 0.0,
        "IoU.traffic sign": 0.08430000305175782,
        "IoU.vegetation": 0.41389999389648435,
        "IoU.terrain": 0.14989999771118165,
        "IoU.sky": 0.00019999999552965163,
        "IoU.person": 0.08689999580383301,
        "IoU.rider": 0.0,
        "IoU.car": 0.4218000030517578,
        "IoU.truck": NaN,
        "IoU.bus": NaN,
        "IoU.train": 0.0,
        "IoU.motorcycle": 0.0,
        "IoU.bicycle": 0.07460000038146973,
        "Acc.road": 0.9651999664306641,
        "Acc.sidewalk": 0.36770000457763674,
        "Acc.building": 0.9012000274658203,
        "Acc.wall": 0.13359999656677246,
        "Acc.fence": 0.08310000419616699,
        "Acc.pole": 0.42400001525878905,
        "Acc.traffic light": 0.0,
        "Acc.traffic sign": 0.088100004196167,
        "Acc.vegetation": 0.6462999725341797,
        "Acc.terrain": 0.25290000915527344,
        "Acc.sky": 0.00019999999552965163,
        "Acc.person": 0.32169998168945313,
        "Acc.rider": 0.0,
        "Acc.car": 0.7586000061035156,
        "Acc.truck": NaN,
        "Acc.bus": NaN,
        "Acc.train": 0.0,
        "Acc.motorcycle": 0.0,
        "Acc.bicycle": 0.07800000190734863
    }
}