{
    "config": "configs/darkzurich/ddp_convnext_t_4x4_1080x1920_test_darkzurich_mod_ours.py",
    "metric": {
        "aAcc": 0.561,
        "mIoU": 0.1848,
        "mAcc": 0.2968,
        "IoU.road": 0.5790999984741211,
        "IoU.sidewalk": 0.30309999465942383,
        "IoU.building": 0.5054999923706055,
        "IoU.wall": 0.13449999809265137,
        "IoU.fence": 0.09430000305175781,
        "IoU.pole": 0.2765999984741211,
        "IoU.traffic light": 0.0,
        "IoU.traffic sign": 0.08529999732971191,
        "IoU.vegetation": 0.4343000030517578,
        "IoU.terrain": 0.1559000015258789,
        "IoU.sky": 0.00019999999552965163,
        "IoU.person": 0.08850000381469726,
        "IoU.rider": 0.0,
        "IoU.car": 0.41130001068115235,
        "IoU.truck": NaN,
        "IoU.bus": NaN,
        "IoU.train": 0.0,
        "IoU.motorcycle": 0.0,
        "IoU.bicycle": 0.0734000015258789,
        "Acc.road": 0.9622000122070312,
        "Acc.sidewalk": 0.34130001068115234,
        "Acc.building": 0.8966000366210938,
        "Acc.wall": 0.16610000610351563,
        "Acc.fence": 0.09539999961853027,
        "Acc.pole": 0.4175,
        "Acc.traffic light": 0.0,
        "Acc.traffic sign": 0.090600004196167,
        "Acc.vegetation": 0.6609999847412109,
        "Acc.terrain": 0.266200008392334,
        "Acc.sky": 0.00019999999552965163,
        "Acc.person": 0.3184000015258789,
        "Acc.rider": 0.0,
        "Acc.car": 0.7527999877929688,
        "Acc.truck": NaN,
        "Acc.bus": NaN,
        "Acc.train": 0.0,
        "Acc.motorcycle": 0.0,
        "Acc.bicycle": 0.07670000076293945
    }
}