{
    "config": "configs/darkzurich/ddp_convnext_t_4x4_1080x1920_test_darkzurich_mod_ours.py",
    "metric": {
        "aAcc": 0.5953,
        "mIoU": 0.22149999999999997,
        "mAcc": 0.3382,
        "IoU.road": 0.7034999847412109,
        "IoU.sidewalk": 0.39029998779296876,
        "IoU.building": 0.5729999923706055,
        "IoU.wall": 0.17950000762939453,
        "IoU.fence": 0.173700008392334,
        "IoU.pole": 0.24829999923706056,
        "IoU.traffic light": 0.055199999809265134,
        "IoU.traffic sign": 0.1025,
        "IoU.vegetation": 0.43270000457763674,
        "IoU.terrain": 0.15029999732971192,
        "IoU.sky": 0.00029999999329447744,
        "IoU.person": 0.09439999580383301,
        "IoU.rider": 0.004199999868869781,
        "IoU.car": 0.49990001678466794,
        "IoU.truck": NaN,
        "IoU.bus": NaN,
        "IoU.train": 0.0,
        "IoU.motorcycle": 0.015800000429153443,
        "IoU.bicycle": 0.141899995803833,
        "Acc.road": 0.9473999786376953,
        "Acc.sidewalk": 0.4609000015258789,
        "Acc.building": 0.8380999755859375,
        "Acc.wall": 0.24479999542236328,
        "Acc.fence": 0.17850000381469727,
        "Acc.pole": 0.3056999969482422,
        "Acc.traffic light": 0.05599999904632568,
        "Acc.traffic sign": 0.10949999809265137,
        "Acc.vegetation": 0.8761000061035156,
        "Acc.terrain": 0.4434000015258789,
        "Acc.sky": 0.00029999999329447744,
        "Acc.person": 0.31309999465942384,
        "Acc.rider": 0.004199999868869781,
        "Acc.car": 0.8002999877929687,
        "Acc.truck": NaN,
        "Acc.bus": NaN,
        "Acc.train": 0.0,
        "Acc.motorcycle": 0.01590000033378601,
        "Acc.bicycle": 0.15560000419616699
    }
}