{
    "config": "configs/darkzurich/ddp_convnext_t_4x4_1080x1920_test_darkzurich_mod_ours.py",
    "metric": {
        "aAcc": 0.6053000000000001,
        "mIoU": 0.2186,
        "mAcc": 0.3237,
        "IoU.road": 0.7737000274658203,
        "IoU.sidewalk": 0.412400016784668,
        "IoU.building": 0.5565000152587891,
        "IoU.wall": 0.18420000076293946,
        "IoU.fence": 0.12960000038146974,
        "IoU.pole": 0.20280000686645508,
        "IoU.traffic light": 0.0,
        "IoU.traffic sign": 0.09270000457763672,
        "IoU.vegetation": 0.42880001068115237,
        "IoU.terrain": 0.17170000076293945,
        "IoU.sky": 9.999999776482581e-05,
        "IoU.person": 0.12369999885559083,
        "IoU.rider": 0.0,
        "IoU.car": 0.5279999923706055,
        "IoU.truck": NaN,
        "IoU.bus": NaN,
        "IoU.train": 0.0,
        "IoU.motorcycle": 0.0,
        "IoU.bicycle": 0.11140000343322753,
        "Acc.road": 0.9662999725341797,
        "Acc.sidewalk": 0.47439998626708985,
        "Acc.building": 0.8497000122070313,
        "Acc.wall": 0.2723999977111816,
        "Acc.fence": 0.1315999984741211,
        "Acc.pole": 0.26360000610351564,
        "Acc.traffic light": 0.0,
        "Acc.traffic sign": 0.10100000381469726,
        "Acc.vegetation": 0.9094999694824218,
        "Acc.terrain": 0.31690000534057616,
        "Acc.sky": 9.999999776482581e-05,
        "Acc.person": 0.30309999465942383,
        "Acc.rider": 0.0,
        "Acc.car": 0.7962000274658203,
        "Acc.truck": NaN,
        "Acc.bus": NaN,
        "Acc.train": 0.0,
        "Acc.motorcycle": 0.0,
        "Acc.bicycle": 0.11800000190734863
    }
}