{
    "config": "configs/darkzurich/ddp_convnext_t_4x4_1080x1920_test_darkzurich_mod_ours.py",
    "metric": {
        "aAcc": 0.6031,
        "mIoU": 0.2228,
        "mAcc": 0.32539999999999997,
        "IoU.road": 0.8341000366210938,
        "IoU.sidewalk": 0.3997999954223633,
        "IoU.building": 0.5365000152587891,
        "IoU.wall": 0.19280000686645507,
        "IoU.fence": 0.1184000015258789,
        "IoU.pole": 0.2036000061035156,
        "IoU.traffic light": 0.0,
        "IoU.traffic sign": 0.09680000305175782,
        "IoU.vegetation": 0.41939998626708985,
        "IoU.terrain": 0.16959999084472657,
        "IoU.sky": 9.999999776482581e-05,
        "IoU.person": 0.14489999771118164,
        "IoU.rider": 0.0,
        "IoU.car": 0.5541999816894532,
        "IoU.truck": NaN,
        "IoU.bus": NaN,
        "IoU.train": 0.0,
        "IoU.motorcycle": 0.0,
        "IoU.bicycle": 0.11640000343322754,
        "Acc.road": 0.9595999908447266,
        "Acc.sidewalk": 0.4602000045776367,
        "Acc.building": 0.845999984741211,
        "Acc.wall": 0.3021999931335449,
        "Acc.fence": 0.12,
        "Acc.pole": 0.2511000061035156,
        "Acc.traffic light": 0.0,
        "Acc.traffic sign": 0.10510000228881836,
        "Acc.vegetation": 0.9087999725341797,
        "Acc.terrain": 0.37279998779296875,
        "Acc.sky": 9.999999776482581e-05,
        "Acc.person": 0.2688999938964844,
        "Acc.rider": 0.0,
        "Acc.car": 0.8123000335693359,
        "Acc.truck": NaN,
        "Acc.bus": NaN,
        "Acc.train": 0.0,
        "Acc.motorcycle": 0.0,
        "Acc.bicycle": 0.12380000114440919
    }
}