{
    "config": "/home/sidd_s/Diffusion_conditional_prior_segmentation/DDP/segmentation/configs/acdcsnow/ddp_convnext_l_4x4_1080x1920_test_acdcsnow.py",
    "metric": {
        "aAcc": 0.9026000000000001,
        "mIoU": 0.5988,
        "mAcc": 0.6859000000000001,
        "IoU.road": 0.8005000305175781,
        "IoU.sidewalk": 0.4179999923706055,
        "IoU.building": 0.8322000122070312,
        "IoU.wall": 0.3415999984741211,
        "IoU.fence": 0.4015999984741211,
        "IoU.pole": 0.5916999816894531,
        "IoU.traffic light": 0.7730000305175782,
        "IoU.traffic sign": 0.7186000061035156,
        "IoU.vegetation": 0.8762000274658203,
        "IoU.terrain": 0.19459999084472657,
        "IoU.sky": 0.97,
        "IoU.person": 0.7386000061035156,
        "IoU.rider": 0.0275,
        "IoU.car": 0.7761000061035156,
        "IoU.truck": 0.5265000152587891,
        "IoU.bus": 0.49340000152587893,
        "IoU.train": 0.8768000030517578,
        "IoU.motorcycle": 0.550099983215332,
        "IoU.bicycle": 0.469900016784668,
        "Acc.road": 0.9373000335693359,
        "Acc.sidewalk": 0.5231999969482422,
        "Acc.building": 0.9534999847412109,
        "Acc.wall": 0.35689998626708985,
        "Acc.fence": 0.42130001068115236,
        "Acc.pole": 0.6891000366210938,
        "Acc.traffic light": 0.8351000213623047,
        "Acc.traffic sign": 0.8038999938964844,
        "Acc.vegetation": 0.9443000030517578,
        "Acc.terrain": 0.2231999969482422,
        "Acc.sky": 0.9873999786376954,
        "Acc.person": 0.892300033569336,
        "Acc.rider": 0.15479999542236328,
        "Acc.car": 0.9393000030517578,
        "Acc.truck": 0.5586999893188477,
        "Acc.bus": 0.5025999832153321,
        "Acc.train": 0.9477999877929687,
        "Acc.motorcycle": 0.6018000030517578,
        "Acc.bicycle": 0.76
    }
}