{
    "config": "/home/sidd_s/Diffusion_conditional_prior_segmentation/DDP/segmentation/configs/acdcsnow/ddp_convnext_l_4x4_1080x1920_test_acdcsnow.py",
    "metric": {
        "aAcc": 0.8903,
        "mIoU": 0.569,
        "mAcc": 0.6787000000000001,
        "IoU.road": 0.7654000091552734,
        "IoU.sidewalk": 0.39049999237060545,
        "IoU.building": 0.8219000244140625,
        "IoU.wall": 0.352400016784668,
        "IoU.fence": 0.3831999969482422,
        "IoU.pole": 0.5820000076293945,
        "IoU.traffic light": 0.7626000213623046,
        "IoU.traffic sign": 0.6998999786376953,
        "IoU.vegetation": 0.8511000061035157,
        "IoU.terrain": 0.11630000114440918,
        "IoU.sky": 0.9722000122070312,
        "IoU.person": 0.6002000045776367,
        "IoU.rider": 0.020999999046325685,
        "IoU.car": 0.8069000244140625,
        "IoU.truck": 0.549099998474121,
        "IoU.bus": 0.4602000045776367,
        "IoU.train": 0.8333000183105469,
        "IoU.motorcycle": 0.48880001068115236,
        "IoU.bicycle": 0.3534000015258789,
        "Acc.road": 0.882300033569336,
        "Acc.sidewalk": 0.4954999923706055,
        "Acc.building": 0.9130000305175782,
        "Acc.wall": 0.36790000915527343,
        "Acc.fence": 0.4061000061035156,
        "Acc.pole": 0.6851000213623046,
        "Acc.traffic light": 0.8594000244140625,
        "Acc.traffic sign": 0.8243000030517578,
        "Acc.vegetation": 0.9588999938964844,
        "Acc.terrain": 0.20659999847412108,
        "Acc.sky": 0.9897000122070313,
        "Acc.person": 0.919000015258789,
        "Acc.rider": 0.16120000839233398,
        "Acc.car": 0.9258000183105469,
        "Acc.truck": 0.6336000061035156,
        "Acc.bus": 0.48450000762939455,
        "Acc.train": 0.9066000366210938,
        "Acc.motorcycle": 0.555,
        "Acc.bicycle": 0.7205999755859375
    }
}