{
    "config": "/home/sidd_s/Diffusion_conditional_prior_segmentation/DDP/segmentation/configs/foggyzurich/ddp_convnext_l_4x4_1080x1920_test_foggyzurich.py",
    "metric": {
        "aAcc": 0.8809,
        "mIoU": 0.4793,
        "mAcc": 0.6371,
        "IoU.road": 0.8858000183105469,
        "IoU.sidewalk": 0.5581999969482422,
        "IoU.building": 0.6702999877929687,
        "IoU.wall": 0.2581999969482422,
        "IoU.fence": 0.3659000015258789,
        "IoU.pole": 0.571500015258789,
        "IoU.traffic light": 0.6529000091552735,
        "IoU.traffic sign": 0.6733000183105469,
        "IoU.vegetation": 0.7593000030517578,
        "IoU.terrain": 0.3518000030517578,
        "IoU.sky": 0.9412000274658203,
        "IoU.person": 0.09829999923706055,
        "IoU.rider": 0.3890999984741211,
        "IoU.car": 0.8269999694824218,
        "IoU.truck": 0.0,
        "IoU.bus": 0.652300033569336,
        "IoU.train": 0.0,
        "IoU.motorcycle": 0.45130001068115233,
        "IoU.bicycle": 0.0,
        "Acc.road": 0.9330000305175781,
        "Acc.sidewalk": 0.6393999862670898,
        "Acc.building": 0.8769000244140625,
        "Acc.wall": 0.27920000076293944,
        "Acc.fence": 0.38310001373291014,
        "Acc.pole": 0.6973999786376953,
        "Acc.traffic light": 0.7919999694824219,
        "Acc.traffic sign": 0.8558000183105469,
        "Acc.vegetation": 0.9094999694824218,
        "Acc.terrain": 0.9195999908447265,
        "Acc.sky": 0.9712000274658203,
        "Acc.person": 0.268799991607666,
        "Acc.rider": 0.590900001525879,
        "Acc.car": 0.951500015258789,
        "Acc.truck": 0.0,
        "Acc.bus": 0.745,
        "Acc.train": NaN,
        "Acc.motorcycle": 0.6537999725341797,
        "Acc.bicycle": 0.0
    }
}