{
    "config": "configs/cityscapes/ddp_convnext_l_4x4_512x1024_5k_cityscapes_aligned.py",
    "metric": {
        "aAcc": 0.9688,
        "mIoU": 0.833,
        "mAcc": 0.8911,
        "IoU.road": 0.9858999633789063,
        "IoU.sidewalk": 0.8833000183105468,
        "IoU.building": 0.9377999877929688,
        "IoU.wall": 0.6152999877929688,
        "IoU.fence": 0.6559999847412109,
        "IoU.pole": 0.7213999938964843,
        "IoU.traffic light": 0.7705999755859375,
        "IoU.traffic sign": 0.844800033569336,
        "IoU.vegetation": 0.9347000122070312,
        "IoU.terrain": 0.688499984741211,
        "IoU.sky": 0.9555000305175781,
        "IoU.person": 0.8648999786376953,
        "IoU.rider": 0.6966999816894531,
        "IoU.car": 0.9622000122070312,
        "IoU.truck": 0.8630000305175781,
        "IoU.bus": 0.9506999969482421,
        "IoU.train": 0.9166000366210938,
        "IoU.motorcycle": 0.7541999816894531,
        "IoU.bicycle": 0.8248999786376953,
        "Acc.road": 0.9919999694824219,
        "Acc.sidewalk": 0.9440000152587891,
        "Acc.building": 0.9720999908447265,
        "Acc.wall": 0.6841000366210938,
        "Acc.fence": 0.7234999847412109,
        "Acc.pole": 0.8291999816894531,
        "Acc.traffic light": 0.8694000244140625,
        "Acc.traffic sign": 0.9058000183105469,
        "Acc.vegetation": 0.9706999969482422,
        "Acc.terrain": 0.7618000030517578,
        "Acc.sky": 0.985999984741211,
        "Acc.person": 0.9363999938964844,
        "Acc.rider": 0.8012000274658203,
        "Acc.car": 0.9827999877929687,
        "Acc.truck": 0.8912999725341797,
        "Acc.bus": 0.9681999969482422,
        "Acc.train": 0.9395999908447266,
        "Acc.motorcycle": 0.8497000122070313,
        "Acc.bicycle": 0.9222000122070313
    }
}