{
    "config": "configs/darkzurich/ddp_convnext_l_4x4_1080x1920_test_darkzurich_mic.py",
    "metric": {
        "aAcc": 0.644,
        "mIoU": 0.3009,
        "mAcc": 0.43060000000000004,
        "IoU.road": 0.7527999877929688,
        "IoU.sidewalk": 0.48450000762939455,
        "IoU.building": 0.4559000015258789,
        "IoU.wall": 0.11260000228881836,
        "IoU.fence": 0.4331999969482422,
        "IoU.pole": 0.4218000030517578,
        "IoU.traffic light": 0.27040000915527346,
        "IoU.traffic sign": 0.4002000045776367,
        "IoU.vegetation": 0.4675,
        "IoU.terrain": 0.3284000015258789,
        "IoU.sky": 0.08079999923706055,
        "IoU.person": 0.2763999938964844,
        "IoU.rider": 0.34560001373291016,
        "IoU.car": 0.41139999389648435,
        "IoU.truck": 0.0017000000178813935,
        "IoU.bus": 0.0015000000596046448,
        "IoU.train": 0.0,
        "IoU.motorcycle": 0.2,
        "IoU.bicycle": 0.2730999946594238,
        "Acc.road": 0.9843000030517578,
        "Acc.sidewalk": 0.5497000122070312,
        "Acc.building": 0.933499984741211,
        "Acc.wall": 0.11479999542236329,
        "Acc.fence": 0.49970001220703125,
        "Acc.pole": 0.5336000061035157,
        "Acc.traffic light": 0.2902000045776367,
        "Acc.traffic sign": 0.5754000091552735,
        "Acc.vegetation": 0.5415999984741211,
        "Acc.terrain": 0.4052000045776367,
        "Acc.sky": 0.08949999809265137,
        "Acc.person": 0.4165999984741211,
        "Acc.rider": 0.8305999755859375,
        "Acc.car": 0.5522000122070313,
        "Acc.truck": 0.002800000011920929,
        "Acc.bus": 0.34310001373291016,
        "Acc.train": 0.0,
        "Acc.motorcycle": 0.22309999465942382,
        "Acc.bicycle": 0.2953000068664551
    }
}