{
    "config": "/home/sidd_s/Diffusion_conditional_prior_segmentation/DDP/segmentation/configs/nightdriving/ddp_convnext_l_4x4_512x1024_test_nightdriving.py",
    "metric": {
        "aAcc": 0.8761,
        "mIoU": 0.5115999999999999,
        "mAcc": 0.698,
        "IoU.road": 0.8683999633789062,
        "IoU.sidewalk": 0.5233000183105468,
        "IoU.building": 0.8701000213623047,
        "IoU.wall": 0.024700000286102294,
        "IoU.fence": 0.01740000009536743,
        "IoU.pole": 0.6158000183105469,
        "IoU.traffic light": 0.7388999938964844,
        "IoU.traffic sign": 0.8041999816894532,
        "IoU.vegetation": 0.5813999938964843,
        "IoU.terrain": 0.0,
        "IoU.sky": 0.6848999786376954,
        "IoU.person": 0.6462999725341797,
        "IoU.rider": 0.3597999954223633,
        "IoU.car": 0.7362000274658204,
        "IoU.truck": 0.35810001373291017,
        "IoU.bus": 0.7288999938964844,
        "IoU.train": 0.6797000122070312,
        "IoU.motorcycle": 0.0,
        "IoU.bicycle": 0.4815999984741211,
        "Acc.road": 0.9747000122070313,
        "Acc.sidewalk": 0.5481999969482422,
        "Acc.building": 0.9430999755859375,
        "Acc.wall": 0.025099999904632568,
        "Acc.fence": 0.16450000762939454,
        "Acc.pole": 0.7170999908447265,
        "Acc.traffic light": 0.7820999908447266,
        "Acc.traffic sign": 0.8463999938964843,
        "Acc.vegetation": 0.8711000061035157,
        "Acc.terrain": NaN,
        "Acc.sky": 0.7445999908447266,
        "Acc.person": 0.7555000305175781,
        "Acc.rider": 0.6844000244140624,
        "Acc.car": 0.9355000305175781,
        "Acc.truck": 0.5872999954223633,
        "Acc.bus": 0.9823000335693359,
        "Acc.train": 0.735,
        "Acc.motorcycle": NaN,
        "Acc.bicycle": 0.5691999816894531
    }
}