{
    "config": "configs/darkzurich/ddp_convnext_l_4x4_512x1024_5k_cityscapes_aligned_test_darkzurich.py",
    "metric": {
        "aAcc": 0.662,
        "mIoU": 0.31120000000000003,
        "mAcc": 0.4633,
        "IoU.road": 0.8008000183105469,
        "IoU.sidewalk": 0.4925,
        "IoU.building": 0.5363000106811523,
        "IoU.wall": 0.12670000076293944,
        "IoU.fence": 0.44729999542236326,
        "IoU.pole": 0.3440999984741211,
        "IoU.traffic light": 0.47639999389648435,
        "IoU.traffic sign": 0.30020000457763674,
        "IoU.vegetation": 0.5052000045776367,
        "IoU.terrain": 0.2027000045776367,
        "IoU.sky": 0.15300000190734864,
        "IoU.person": 0.2578000068664551,
        "IoU.rider": 0.33169998168945314,
        "IoU.car": 0.44599998474121094,
        "IoU.truck": 0.0,
        "IoU.bus": 0.0,
        "IoU.train": 0.0,
        "IoU.motorcycle": 0.16590000152587892,
        "IoU.bicycle": 0.32529998779296876,
        "Acc.road": 0.9755999755859375,
        "Acc.sidewalk": 0.5702999877929688,
        "Acc.building": 0.9262000274658203,
        "Acc.wall": 0.1309000015258789,
        "Acc.fence": 0.5004999923706055,
        "Acc.pole": 0.48029998779296873,
        "Acc.traffic light": 0.6383000183105468,
        "Acc.traffic sign": 0.3345000076293945,
        "Acc.vegetation": 0.819800033569336,
        "Acc.terrain": 0.2234000015258789,
        "Acc.sky": 0.1543000030517578,
        "Acc.person": 0.3722999954223633,
        "Acc.rider": 0.4477000045776367,
        "Acc.car": 0.7430000305175781,
        "Acc.truck": NaN,
        "Acc.bus": NaN,
        "Acc.train": 0.0,
        "Acc.motorcycle": 0.1859000015258789,
        "Acc.bicycle": 0.37310001373291013
    }
}