{
    "config": "/home/sidd_s/Diffusion_conditional_prior_segmentation/DDP/segmentation/configs/bdd100k/ddp_convnext_l_4x4_1080x1920_test_bdd100k.py",
    "metric": {
        "aAcc": 0.9198000000000001,
        "mIoU": 0.5649000000000001,
        "mAcc": 0.6817,
        "IoU.road": 0.9373999786376953,
        "IoU.sidewalk": 0.6140000152587891,
        "IoU.building": 0.8419000244140625,
        "IoU.wall": 0.21440000534057618,
        "IoU.fence": 0.3843000030517578,
        "IoU.pole": 0.5265000152587891,
        "IoU.traffic light": 0.5170999908447266,
        "IoU.traffic sign": 0.5502999877929687,
        "IoU.vegetation": 0.8477999877929687,
        "IoU.terrain": 0.44159999847412107,
        "IoU.sky": 0.9359999847412109,
        "IoU.person": 0.6758999633789062,
        "IoU.rider": 0.5261000061035156,
        "IoU.car": 0.8743000030517578,
        "IoU.truck": 0.4308000183105469,
        "IoU.bus": 0.3515999984741211,
        "IoU.train": 0.00699999988079071,
        "IoU.motorcycle": 0.5709999847412109,
        "IoU.bicycle": 0.48509998321533204,
        "Acc.road": 0.9666000366210937,
        "Acc.sidewalk": 0.7308000183105469,
        "Acc.building": 0.936500015258789,
        "Acc.wall": 0.27430000305175783,
        "Acc.fence": 0.44729999542236326,
        "Acc.pole": 0.6480999755859375,
        "Acc.traffic light": 0.6054000091552735,
        "Acc.traffic sign": 0.6308000183105469,
        "Acc.vegetation": 0.9333999633789063,
        "Acc.terrain": 0.5995000076293945,
        "Acc.sky": 0.9491000366210938,
        "Acc.person": 0.7927999877929688,
        "Acc.rider": 0.8162000274658203,
        "Acc.car": 0.9729000091552734,
        "Acc.truck": 0.51,
        "Acc.bus": 0.36770000457763674,
        "Acc.train": 0.14319999694824218,
        "Acc.motorcycle": 0.765,
        "Acc.bicycle": 0.8625
    }
}