{
    "config": "/home/sidd_s/Diffusion_conditional_prior_segmentation/DDP/segmentation/configs/bdd100k/ddp_convnext_l_4x4_1080x1920_test_bdd100k.py",
    "metric": {
        "aAcc": 0.9125,
        "mIoU": 0.5490999999999999,
        "mAcc": 0.6611,
        "IoU.road": 0.9327999877929688,
        "IoU.sidewalk": 0.6011000061035157,
        "IoU.building": 0.8205000305175781,
        "IoU.wall": 0.17989999771118165,
        "IoU.fence": 0.37220001220703125,
        "IoU.pole": 0.4368000030517578,
        "IoU.traffic light": 0.4633000183105469,
        "IoU.traffic sign": 0.5086000061035156,
        "IoU.vegetation": 0.8387000274658203,
        "IoU.terrain": 0.4215999984741211,
        "IoU.sky": 0.9230000305175782,
        "IoU.person": 0.6405999755859375,
        "IoU.rider": 0.5225999832153321,
        "IoU.car": 0.8680000305175781,
        "IoU.truck": 0.41130001068115235,
        "IoU.bus": 0.3534999847412109,
        "IoU.train": 0.007599999904632568,
        "IoU.motorcycle": 0.6512000274658203,
        "IoU.bicycle": 0.4797999954223633,
        "Acc.road": 0.9691000366210938,
        "Acc.sidewalk": 0.7212000274658203,
        "Acc.building": 0.9338999938964844,
        "Acc.wall": 0.23700000762939452,
        "Acc.fence": 0.4286000061035156,
        "Acc.pole": 0.5461000061035156,
        "Acc.traffic light": 0.5513000106811523,
        "Acc.traffic sign": 0.5813999938964843,
        "Acc.vegetation": 0.9225,
        "Acc.terrain": 0.5934000015258789,
        "Acc.sky": 0.9373000335693359,
        "Acc.person": 0.7594999694824218,
        "Acc.rider": 0.7868000030517578,
        "Acc.car": 0.9663999938964843,
        "Acc.truck": 0.4815999984741211,
        "Acc.bus": 0.37279998779296875,
        "Acc.train": 0.14,
        "Acc.motorcycle": 0.7770999908447266,
        "Acc.bicycle": 0.8551000213623047
    }
}