{
    "config": "/home/sidd_s/Diffusion_conditional_prior_segmentation/DDP/segmentation/configs/bdd100k/ddp_convnext_l_4x4_1080x1920_test_bdd100k.py",
    "metric": {
        "aAcc": 0.9170999999999999,
        "mIoU": 0.5638000000000001,
        "mAcc": 0.6765000000000001,
        "IoU.road": 0.9401000213623046,
        "IoU.sidewalk": 0.6265000152587891,
        "IoU.building": 0.8225,
        "IoU.wall": 0.16969999313354492,
        "IoU.fence": 0.38490001678466795,
        "IoU.pole": 0.5209999847412109,
        "IoU.traffic light": 0.515,
        "IoU.traffic sign": 0.5504000091552734,
        "IoU.vegetation": 0.8522000122070312,
        "IoU.terrain": 0.4413999938964844,
        "IoU.sky": 0.9198999786376953,
        "IoU.person": 0.6776000213623047,
        "IoU.rider": 0.5418000030517578,
        "IoU.car": 0.8786000061035156,
        "IoU.truck": 0.42709999084472655,
        "IoU.bus": 0.3484000015258789,
        "IoU.train": 0.007200000286102295,
        "IoU.motorcycle": 0.5811999893188476,
        "IoU.bicycle": 0.5059999847412109,
        "Acc.road": 0.9676000213623047,
        "Acc.sidewalk": 0.7397000122070313,
        "Acc.building": 0.9413999938964843,
        "Acc.wall": 0.2165999984741211,
        "Acc.fence": 0.44279998779296875,
        "Acc.pole": 0.6336999893188476,
        "Acc.traffic light": 0.599900016784668,
        "Acc.traffic sign": 0.6272000122070313,
        "Acc.vegetation": 0.9337000274658203,
        "Acc.terrain": 0.6033000183105469,
        "Acc.sky": 0.9323000335693359,
        "Acc.person": 0.7916000366210938,
        "Acc.rider": 0.8156999969482421,
        "Acc.car": 0.9727999877929687,
        "Acc.truck": 0.500099983215332,
        "Acc.bus": 0.3636000061035156,
        "Acc.train": 0.143100004196167,
        "Acc.motorcycle": 0.7641999816894531,
        "Acc.bicycle": 0.8644000244140625
    }
}