{
    "config": "/home/sidd_s/Diffusion_conditional_prior_segmentation/DDP/segmentation/configs/nightcity/ddp_convnext_l_4x4_512x1024_test_nightcity.py",
    "metric": {
        "aAcc": 0.7123,
        "mIoU": 0.3358,
        "mAcc": 0.5428999999999999,
        "IoU.road": 0.834800033569336,
        "IoU.sidewalk": 0.34240001678466797,
        "IoU.building": 0.6118000030517579,
        "IoU.wall": 0.0925,
        "IoU.fence": 0.1336999988555908,
        "IoU.pole": 0.3243999862670898,
        "IoU.traffic light": 0.20629999160766602,
        "IoU.traffic sign": 0.38459999084472657,
        "IoU.vegetation": 0.40650001525878904,
        "IoU.terrain": 0.12699999809265136,
        "IoU.sky": 0.32630001068115233,
        "IoU.person": 0.4465999984741211,
        "IoU.rider": 0.15350000381469728,
        "IoU.car": 0.6419999694824219,
        "IoU.truck": 0.23120000839233398,
        "IoU.bus": 0.5152000045776367,
        "IoU.train": 0.12279999732971192,
        "IoU.motorcycle": 0.26059999465942385,
        "IoU.bicycle": 0.21860000610351563,
        "Acc.road": 0.9369999694824219,
        "Acc.sidewalk": 0.469900016784668,
        "Acc.building": 0.8830000305175781,
        "Acc.wall": 0.12930000305175782,
        "Acc.fence": 0.14710000038146973,
        "Acc.pole": 0.562599983215332,
        "Acc.traffic light": 0.4809000015258789,
        "Acc.traffic sign": 0.6070999908447265,
        "Acc.vegetation": 0.6756999969482422,
        "Acc.terrain": 0.20469999313354492,
        "Acc.sky": 0.32880001068115233,
        "Acc.person": 0.722699966430664,
        "Acc.rider": 0.22760000228881835,
        "Acc.car": 0.9104000091552734,
        "Acc.truck": 0.4743000030517578,
        "Acc.bus": 0.7043000030517578,
        "Acc.train": 0.5018999862670899,
        "Acc.motorcycle": 0.648499984741211,
        "Acc.bicycle": 0.6990000152587891
    }
}