{
    "config": "/home/sidd_s/Diffusion_conditional_prior_segmentation/DDP/segmentation/configs/nightcity/ddp_convnext_l_4x4_512x1024_test_nightcity.py",
    "metric": {
        "aAcc": 0.7064,
        "mIoU": 0.3309,
        "mAcc": 0.539,
        "IoU.road": 0.8437999725341797,
        "IoU.sidewalk": 0.3358000183105469,
        "IoU.building": 0.6390999984741211,
        "IoU.wall": 0.099399995803833,
        "IoU.fence": 0.19850000381469726,
        "IoU.pole": 0.31420000076293947,
        "IoU.traffic light": 0.18610000610351562,
        "IoU.traffic sign": 0.3958000183105469,
        "IoU.vegetation": 0.31729999542236326,
        "IoU.terrain": 0.10949999809265137,
        "IoU.sky": 0.34639999389648435,
        "IoU.person": 0.44529998779296875,
        "IoU.rider": 0.10939999580383301,
        "IoU.car": 0.6873999786376953,
        "IoU.truck": 0.30809999465942384,
        "IoU.bus": 0.46700000762939453,
        "IoU.train": 0.13920000076293945,
        "IoU.motorcycle": 0.19450000762939454,
        "IoU.bicycle": 0.14960000038146973,
        "Acc.road": 0.9156999969482422,
        "Acc.sidewalk": 0.4868000030517578,
        "Acc.building": 0.8480999755859375,
        "Acc.wall": 0.14800000190734863,
        "Acc.fence": 0.24489999771118165,
        "Acc.pole": 0.5431000137329102,
        "Acc.traffic light": 0.4525,
        "Acc.traffic sign": 0.5975,
        "Acc.vegetation": 0.7473000335693359,
        "Acc.terrain": 0.2865999984741211,
        "Acc.sky": 0.34889999389648435,
        "Acc.person": 0.7158000183105468,
        "Acc.rider": 0.18770000457763672,
        "Acc.car": 0.8797000122070312,
        "Acc.truck": 0.5190999984741211,
        "Acc.bus": 0.6145999908447266,
        "Acc.train": 0.40849998474121096,
        "Acc.motorcycle": 0.6186999893188476,
        "Acc.bicycle": 0.6766999816894531
    }
}