{
    "config": "/home/sidd_s/Diffusion_conditional_prior_segmentation/DDP/segmentation/configs/acdcnight/ddp_convnext_l_4x4_1080x1920_test_acdcnight.py",
    "metric": {
        "aAcc": 0.7332,
        "mIoU": 0.3887,
        "mAcc": 0.5496,
        "IoU.road": 0.8809999847412109,
        "IoU.sidewalk": 0.5654000091552734,
        "IoU.building": 0.6020999908447265,
        "IoU.wall": 0.15739999771118163,
        "IoU.fence": 0.3859000015258789,
        "IoU.pole": 0.49900001525878906,
        "IoU.traffic light": 0.49189998626708986,
        "IoU.traffic sign": 0.3604999923706055,
        "IoU.vegetation": 0.5222999954223633,
        "IoU.terrain": 0.15489999771118165,
        "IoU.sky": 0.3406999969482422,
        "IoU.person": 0.39869998931884765,
        "IoU.rider": 0.24110000610351562,
        "IoU.car": 0.6140999984741211,
        "IoU.truck": 0.20989999771118165,
        "IoU.bus": 0.0,
        "IoU.train": 0.33610000610351565,
        "IoU.motorcycle": 0.1402999973297119,
        "IoU.bicycle": 0.4841999816894531,
        "Acc.road": 0.9755000305175782,
        "Acc.sidewalk": 0.6277000045776367,
        "Acc.building": 0.875,
        "Acc.wall": 0.1697999954223633,
        "Acc.fence": 0.4786000061035156,
        "Acc.pole": 0.6170000076293946,
        "Acc.traffic light": 0.5750999832153321,
        "Acc.traffic sign": 0.40330001831054685,
        "Acc.vegetation": 0.8191999816894531,
        "Acc.terrain": 0.37200000762939456,
        "Acc.sky": 0.35439998626708985,
        "Acc.person": 0.5822999954223633,
        "Acc.rider": 0.40650001525878904,
        "Acc.car": 0.7991999816894532,
        "Acc.truck": 0.7305999755859375,
        "Acc.bus": NaN,
        "Acc.train": 0.3431999969482422,
        "Acc.motorcycle": 0.17459999084472655,
        "Acc.bicycle": 0.5895999908447266
    }
}