{
    "config": "/home/sidd_s/Diffusion_conditional_prior_segmentation/DDP/segmentation/configs/cityscapesrainy/ddp_convnext_l_4x4_1024x2048_test_cityscapesrainy.py",
    "metric": {
        "aAcc": 0.9281,
        "mIoU": 0.7394,
        "mAcc": 0.8012,
        "IoU.road": 0.9723000335693359,
        "IoU.sidewalk": 0.7558999633789063,
        "IoU.building": 0.7644999694824218,
        "IoU.wall": 0.5413000106811523,
        "IoU.fence": 0.5436999893188477,
        "IoU.pole": 0.5877999877929687,
        "IoU.traffic light": 0.7587000274658203,
        "IoU.traffic sign": 0.855999984741211,
        "IoU.vegetation": 0.836500015258789,
        "IoU.terrain": 0.6188999938964844,
        "IoU.sky": 0.8741000366210937,
        "IoU.person": 0.7951000213623047,
        "IoU.rider": 0.7048999786376953,
        "IoU.car": 0.9216999816894531,
        "IoU.truck": 0.49029998779296874,
        "IoU.bus": 0.9425,
        "IoU.train": NaN,
        "IoU.motorcycle": 0.539099998474121,
        "IoU.bicycle": 0.8066999816894531,
        "Acc.road": 0.9829000091552734,
        "Acc.sidewalk": 0.7847000122070312,
        "Acc.building": 0.9726000213623047,
        "Acc.wall": 0.7069000244140625,
        "Acc.fence": 0.6047000122070313,
        "Acc.pole": 0.6605999755859375,
        "Acc.traffic light": 0.821500015258789,
        "Acc.traffic sign": 0.8908999633789062,
        "Acc.vegetation": 0.8623999786376954,
        "Acc.terrain": 0.6494000244140625,
        "Acc.sky": 0.8923999786376953,
        "Acc.person": 0.8470999908447265,
        "Acc.rider": 0.8126999664306641,
        "Acc.car": 0.9475,
        "Acc.truck": 0.49450000762939456,
        "Acc.bus": 0.9601999664306641,
        "Acc.train": NaN,
        "Acc.motorcycle": 0.6486000061035156,
        "Acc.bicycle": 0.8818000030517578
    }
}