{
    "config": "/home/sidd_s/Diffusion_conditional_prior_segmentation/DDP/segmentation/configs/cityscapesrainy/ddp_convnext_l_4x4_1024x2048_test_cityscapesrainy.py",
    "metric": {
        "aAcc": 0.9556999999999999,
        "mIoU": 0.7911,
        "mAcc": 0.8503000000000001,
        "IoU.road": 0.986500015258789,
        "IoU.sidewalk": 0.870999984741211,
        "IoU.building": 0.8556999969482422,
        "IoU.wall": 0.6306999969482422,
        "IoU.fence": 0.545,
        "IoU.pole": 0.6395000076293945,
        "IoU.traffic light": 0.7868000030517578,
        "IoU.traffic sign": 0.8673999786376954,
        "IoU.vegetation": 0.8876000213623046,
        "IoU.terrain": 0.7530999755859376,
        "IoU.sky": 0.9258999633789062,
        "IoU.person": 0.8158000183105468,
        "IoU.rider": 0.74,
        "IoU.car": 0.9486000061035156,
        "IoU.truck": 0.5263000106811524,
        "IoU.bus": 0.9493000030517578,
        "IoU.train": NaN,
        "IoU.motorcycle": 0.6691999816894532,
        "IoU.bicycle": 0.8408000183105468,
        "Acc.road": 0.9927999877929687,
        "Acc.sidewalk": 0.9037999725341797,
        "Acc.building": 0.9712999725341797,
        "Acc.wall": 0.7284999847412109,
        "Acc.fence": 0.7248999786376953,
        "Acc.pole": 0.7193000030517578,
        "Acc.traffic light": 0.8580999755859375,
        "Acc.traffic sign": 0.9063999938964844,
        "Acc.vegetation": 0.915199966430664,
        "Acc.terrain": 0.8112000274658203,
        "Acc.sky": 0.9444000244140625,
        "Acc.person": 0.865,
        "Acc.rider": 0.8531999969482422,
        "Acc.car": 0.9723000335693359,
        "Acc.truck": 0.5302000045776367,
        "Acc.bus": 0.9693000030517578,
        "Acc.train": NaN,
        "Acc.motorcycle": 0.7234999847412109,
        "Acc.bicycle": 0.9155000305175781
    }
}