{
    "config": "/home/sidd_s/Diffusion_conditional_prior_segmentation/DDP/segmentation/configs/cityscapesrainy/ddp_convnext_l_4x4_1024x2048_test_cityscapesrainy.py",
    "metric": {
        "aAcc": 0.9756,
        "mIoU": 0.8370000000000001,
        "mAcc": 0.8842,
        "IoU.road": 0.9937000274658203,
        "IoU.sidewalk": 0.9141999816894532,
        "IoU.building": 0.9325,
        "IoU.wall": 0.7444000244140625,
        "IoU.fence": 0.7290000152587891,
        "IoU.pole": 0.705999984741211,
        "IoU.traffic light": 0.8201999664306641,
        "IoU.traffic sign": 0.8793000030517578,
        "IoU.vegetation": 0.9423999786376953,
        "IoU.terrain": 0.7931999969482422,
        "IoU.sky": 0.9611000061035156,
        "IoU.person": 0.8383000183105469,
        "IoU.rider": 0.7537000274658203,
        "IoU.car": 0.9593000030517578,
        "IoU.truck": 0.6138999938964844,
        "IoU.bus": 0.9577999877929687,
        "IoU.train": NaN,
        "IoU.motorcycle": 0.6606999969482422,
        "IoU.bicycle": 0.8655000305175782,
        "Acc.road": 0.9979000091552734,
        "Acc.sidewalk": 0.9513999938964843,
        "Acc.building": 0.971500015258789,
        "Acc.wall": 0.7812000274658203,
        "Acc.fence": 0.7959999847412109,
        "Acc.pole": 0.7963999938964844,
        "Acc.traffic light": 0.8972000122070313,
        "Acc.traffic sign": 0.9180000305175782,
        "Acc.vegetation": 0.9712999725341797,
        "Acc.terrain": 0.8391000366210938,
        "Acc.sky": 0.9812999725341797,
        "Acc.person": 0.8837999725341796,
        "Acc.rider": 0.8781999969482421,
        "Acc.car": 0.9775,
        "Acc.truck": 0.62,
        "Acc.bus": 0.9731999969482422,
        "Acc.train": NaN,
        "Acc.motorcycle": 0.7429000091552734,
        "Acc.bicycle": 0.9380000305175781
    }
}