{
    "config": "/home/sidd_s/Diffusion_conditional_prior_segmentation/DDP/segmentation/configs/acdcsnow/ddp_convnext_l_4x4_1080x1920_test_acdcsnow.py",
    "metric": {
        "aAcc": 0.8865000000000001,
        "mIoU": 0.5726,
        "mAcc": 0.6756,
        "IoU.road": 0.731500015258789,
        "IoU.sidewalk": 0.34900001525878904,
        "IoU.building": 0.8291999816894531,
        "IoU.wall": 0.36650001525878906,
        "IoU.fence": 0.39810001373291015,
        "IoU.pole": 0.577400016784668,
        "IoU.traffic light": 0.770199966430664,
        "IoU.traffic sign": 0.6994000244140625,
        "IoU.vegetation": 0.8605000305175782,
        "IoU.terrain": 0.11050000190734863,
        "IoU.sky": 0.9726000213623047,
        "IoU.person": 0.5952000045776367,
        "IoU.rider": 0.020399999618530274,
        "IoU.car": 0.8219999694824218,
        "IoU.truck": 0.5963999938964843,
        "IoU.bus": 0.45,
        "IoU.train": 0.8611000061035157,
        "IoU.motorcycle": 0.4652000045776367,
        "IoU.bicycle": 0.40380001068115234,
        "Acc.road": 0.8541999816894531,
        "Acc.sidewalk": 0.4488999938964844,
        "Acc.building": 0.9391000366210938,
        "Acc.wall": 0.3795000076293945,
        "Acc.fence": 0.42880001068115237,
        "Acc.pole": 0.6687999725341797,
        "Acc.traffic light": 0.852699966430664,
        "Acc.traffic sign": 0.797300033569336,
        "Acc.vegetation": 0.9498999786376953,
        "Acc.terrain": 0.23639999389648436,
        "Acc.sky": 0.989800033569336,
        "Acc.person": 0.899000015258789,
        "Acc.rider": 0.1590999984741211,
        "Acc.car": 0.9195999908447265,
        "Acc.truck": 0.6665000152587891,
        "Acc.bus": 0.4759000015258789,
        "Acc.train": 0.935,
        "Acc.motorcycle": 0.5247000122070312,
        "Acc.bicycle": 0.711500015258789
    }
}