{
    "config": "/home/sidd_s/Diffusion_conditional_prior_segmentation/DDP/segmentation/configs/acdcsnow/ddp_convnext_l_4x4_1080x1920_test_acdcsnow.py",
    "metric": {
        "aAcc": 0.8962,
        "mIoU": 0.5821999999999999,
        "mAcc": 0.6764,
        "IoU.road": 0.7783000183105468,
        "IoU.sidewalk": 0.40040000915527346,
        "IoU.building": 0.8237000274658203,
        "IoU.wall": 0.3025,
        "IoU.fence": 0.39369998931884764,
        "IoU.pole": 0.5884000015258789,
        "IoU.traffic light": 0.7725,
        "IoU.traffic sign": 0.7108000183105468,
        "IoU.vegetation": 0.8686000061035156,
        "IoU.terrain": 0.14079999923706055,
        "IoU.sky": 0.9718000030517578,
        "IoU.person": 0.6541999816894531,
        "IoU.rider": 0.02690000057220459,
        "IoU.car": 0.8144999694824219,
        "IoU.truck": 0.5518000030517578,
        "IoU.bus": 0.5111999893188477,
        "IoU.train": 0.8966999816894531,
        "IoU.motorcycle": 0.47810001373291017,
        "IoU.bicycle": 0.37659999847412107,
        "Acc.road": 0.9066000366210938,
        "Acc.sidewalk": 0.5079000091552734,
        "Acc.building": 0.9444000244140625,
        "Acc.wall": 0.3110000038146973,
        "Acc.fence": 0.4209000015258789,
        "Acc.pole": 0.6805999755859375,
        "Acc.traffic light": 0.8491000366210938,
        "Acc.traffic sign": 0.7945999908447265,
        "Acc.vegetation": 0.9476000213623047,
        "Acc.terrain": 0.215,
        "Acc.sky": 0.9888999938964844,
        "Acc.person": 0.9,
        "Acc.rider": 0.15369999885559082,
        "Acc.car": 0.9319999694824219,
        "Acc.truck": 0.5854000091552735,
        "Acc.bus": 0.533499984741211,
        "Acc.train": 0.9405999755859376,
        "Acc.motorcycle": 0.5266999816894531,
        "Acc.bicycle": 0.7120999908447265
    }
}