{
    "config": "configs/cityscapes/ddp_convnext_t_4x4_512x1024_160k_cityscapes.py",
    "metric": {
        "aAcc": 0.9505,
        "mIoU": 0.6437999999999999,
        "mAcc": 0.7114,
        "IoU.road": 0.9776000213623047,
        "IoU.sidewalk": 0.8286000061035156,
        "IoU.building": 0.9062999725341797,
        "IoU.wall": 0.548499984741211,
        "IoU.fence": 0.5911000061035157,
        "IoU.pole": 0.5191999816894531,
        "IoU.traffic light": 0.0,
        "IoU.traffic sign": 0.7555999755859375,
        "IoU.vegetation": 0.9098000335693359,
        "IoU.terrain": 0.6548999786376953,
        "IoU.sky": 0.9272000122070313,
        "IoU.person": 0.7830999755859375,
        "IoU.rider": 0.5443999862670899,
        "IoU.car": 0.9305999755859375,
        "IoU.truck": 0.43779998779296875,
        "IoU.bus": 0.6195999908447266,
        "IoU.train": 0.0,
        "IoU.motorcycle": 0.5497999954223632,
        "IoU.bicycle": 0.7479000091552734,
        "Acc.road": 0.9922000122070312,
        "Acc.sidewalk": 0.9066000366210938,
        "Acc.building": 0.9623999786376953,
        "Acc.wall": 0.6231000137329101,
        "Acc.fence": 0.6426999664306641,
        "Acc.pole": 0.6168999862670899,
        "Acc.traffic light": 0.0,
        "Acc.traffic sign": 0.8477999877929687,
        "Acc.vegetation": 0.9616000366210937,
        "Acc.terrain": 0.7398999786376953,
        "Acc.sky": 0.9526000213623047,
        "Acc.person": 0.9006999969482422,
        "Acc.rider": 0.5924000167846679,
        "Acc.car": 0.971500015258789,
        "Acc.truck": 0.4463999938964844,
        "Acc.bus": 0.8826000213623046,
        "Acc.train": 0.0,
        "Acc.motorcycle": 0.5981999969482422,
        "Acc.bicycle": 0.8784999847412109
    }
}