{
    "config": "configs/cityscapes/ddp_convnext_t_4x4_512x1024_160k_cityscapes.py",
    "metric": {
        "aAcc": 0.9616,
        "mIoU": 0.7951999999999999,
        "mAcc": 0.8679000000000001,
        "IoU.road": 0.9823999786376953,
        "IoU.sidewalk": 0.8554000091552735,
        "IoU.building": 0.9258000183105469,
        "IoU.wall": 0.5793000030517578,
        "IoU.fence": 0.6334000015258789,
        "IoU.pole": 0.6345999908447265,
        "IoU.traffic light": 0.6937999725341797,
        "IoU.traffic sign": 0.7962999725341797,
        "IoU.vegetation": 0.9233999633789063,
        "IoU.terrain": 0.6558999633789062,
        "IoU.sky": 0.9423999786376953,
        "IoU.person": 0.8158999633789062,
        "IoU.rider": 0.6218000030517579,
        "IoU.car": 0.9526000213623047,
        "IoU.truck": 0.8588999938964844,
        "IoU.bus": 0.9094999694824218,
        "IoU.train": 0.8480000305175781,
        "IoU.motorcycle": 0.7001999664306641,
        "IoU.bicycle": 0.779000015258789,
        "Acc.road": 0.9902999877929688,
        "Acc.sidewalk": 0.9326999664306641,
        "Acc.building": 0.9605999755859375,
        "Acc.wall": 0.6512000274658203,
        "Acc.fence": 0.7323999786376953,
        "Acc.pole": 0.745,
        "Acc.traffic light": 0.7747000122070312,
        "Acc.traffic sign": 0.8780000305175781,
        "Acc.vegetation": 0.9668000030517578,
        "Acc.terrain": 0.7788999938964843,
        "Acc.sky": 0.9805999755859375,
        "Acc.person": 0.9266999816894531,
        "Acc.rider": 0.7505000305175781,
        "Acc.car": 0.9790000152587891,
        "Acc.truck": 0.9194999694824219,
        "Acc.bus": 0.9401000213623046,
        "Acc.train": 0.8986000061035156,
        "Acc.motorcycle": 0.800199966430664,
        "Acc.bicycle": 0.8847000122070312
    }
}