{
    "config": "configs/cityscapes/ddp_convnext_t_4x4_512x1024_160k_cityscapes.py",
    "metric": {
        "aAcc": 0.9542,
        "mIoU": 0.7686,
        "mAcc": 0.843,
        "IoU.road": 0.9773999786376953,
        "IoU.sidewalk": 0.8222000122070312,
        "IoU.building": 0.9147000122070312,
        "IoU.wall": 0.5470999908447266,
        "IoU.fence": 0.6202999877929688,
        "IoU.pole": 0.5347999954223632,
        "IoU.traffic light": 0.6447000122070312,
        "IoU.traffic sign": 0.7586000061035156,
        "IoU.vegetation": 0.9108999633789062,
        "IoU.terrain": 0.6388000106811523,
        "IoU.sky": 0.9265000152587891,
        "IoU.person": 0.7804000091552734,
        "IoU.rider": 0.5970000076293945,
        "IoU.car": 0.9375,
        "IoU.truck": 0.8461000061035157,
        "IoU.bus": 0.8922000122070313,
        "IoU.train": 0.8419999694824218,
        "IoU.motorcycle": 0.6708999633789062,
        "IoU.bicycle": 0.7416999816894532,
        "Acc.road": 0.9905999755859375,
        "Acc.sidewalk": 0.9112999725341797,
        "Acc.building": 0.9569999694824218,
        "Acc.wall": 0.6006000137329102,
        "Acc.fence": 0.7269999694824218,
        "Acc.pole": 0.6626999664306641,
        "Acc.traffic light": 0.7255999755859375,
        "Acc.traffic sign": 0.8462000274658203,
        "Acc.vegetation": 0.9587999725341797,
        "Acc.terrain": 0.7230000305175781,
        "Acc.sky": 0.9620999908447265,
        "Acc.person": 0.8993000030517578,
        "Acc.rider": 0.7180000305175781,
        "Acc.car": 0.9712999725341797,
        "Acc.truck": 0.9212000274658203,
        "Acc.bus": 0.9238999938964844,
        "Acc.train": 0.8776000213623046,
        "Acc.motorcycle": 0.7775,
        "Acc.bicycle": 0.8634999847412109
    }
}