{
    "config": "configs/cityscapes/ddp_convnext_t_4x4_512x1024_160k_cityscapes.py",
    "metric": {
        "aAcc": 0.9592,
        "mIoU": 0.7857999999999999,
        "mAcc": 0.8598,
        "IoU.road": 0.9808999633789063,
        "IoU.sidewalk": 0.8443000030517578,
        "IoU.building": 0.922300033569336,
        "IoU.wall": 0.5672999954223633,
        "IoU.fence": 0.6279000091552734,
        "IoU.pole": 0.605,
        "IoU.traffic light": 0.6802999877929687,
        "IoU.traffic sign": 0.7801000213623047,
        "IoU.vegetation": 0.9195999908447265,
        "IoU.terrain": 0.6516999816894531,
        "IoU.sky": 0.9358999633789062,
        "IoU.person": 0.800199966430664,
        "IoU.rider": 0.610999984741211,
        "IoU.car": 0.9456999969482421,
        "IoU.truck": 0.8543000030517578,
        "IoU.bus": 0.9033000183105468,
        "IoU.train": 0.8466000366210937,
        "IoU.motorcycle": 0.6891000366210938,
        "IoU.bicycle": 0.765199966430664,
        "Acc.road": 0.9908000183105469,
        "Acc.sidewalk": 0.9262000274658203,
        "Acc.building": 0.9594999694824219,
        "Acc.wall": 0.6320000076293946,
        "Acc.fence": 0.731500015258789,
        "Acc.pole": 0.7176000213623047,
        "Acc.traffic light": 0.7654000091552734,
        "Acc.traffic sign": 0.8623999786376954,
        "Acc.vegetation": 0.9640000152587891,
        "Acc.terrain": 0.7620999908447266,
        "Acc.sky": 0.9726000213623047,
        "Acc.person": 0.9141999816894532,
        "Acc.rider": 0.7401000213623047,
        "Acc.car": 0.9762000274658204,
        "Acc.truck": 0.9172000122070313,
        "Acc.bus": 0.9362999725341797,
        "Acc.train": 0.8897000122070312,
        "Acc.motorcycle": 0.8037000274658204,
        "Acc.bicycle": 0.874000015258789
    }
}