{
    "config": "configs/cityscapes/ddp_convnext_t_4x4_512x1024_160k_cityscapes.py",
    "metric": {
        "aAcc": 0.9295,
        "mIoU": 0.4804,
        "mAcc": 0.5416,
        "IoU.road": 0.9645999908447266,
        "IoU.sidewalk": 0.7461000061035157,
        "IoU.building": 0.8645999908447266,
        "IoU.wall": 0.37860000610351563,
        "IoU.fence": 0.335,
        "IoU.pole": 0.5283000183105468,
        "IoU.traffic light": 0.0,
        "IoU.traffic sign": 0.6625,
        "IoU.vegetation": 0.8922000122070313,
        "IoU.terrain": 0.5866999816894531,
        "IoU.sky": 0.9355000305175781,
        "IoU.person": 0.6775,
        "IoU.rider": 0.0,
        "IoU.car": 0.8630999755859375,
        "IoU.truck": 0.0,
        "IoU.bus": 0.0,
        "IoU.train": 0.0,
        "IoU.motorcycle": 0.0,
        "IoU.bicycle": 0.6923000335693359,
        "Acc.road": 0.9912000274658204,
        "Acc.sidewalk": 0.8062000274658203,
        "Acc.building": 0.9520999908447265,
        "Acc.wall": 0.4290999984741211,
        "Acc.fence": 0.34950000762939454,
        "Acc.pole": 0.6898999786376954,
        "Acc.traffic light": 0.0,
        "Acc.traffic sign": 0.7608999633789062,
        "Acc.vegetation": 0.9458000183105468,
        "Acc.terrain": 0.7173000335693359,
        "Acc.sky": 0.9684999847412109,
        "Acc.person": 0.9047000122070312,
        "Acc.rider": 0.0,
        "Acc.car": 0.9655999755859375,
        "Acc.truck": 0.0,
        "Acc.bus": 0.0,
        "Acc.train": 0.0,
        "Acc.motorcycle": 0.0,
        "Acc.bicycle": 0.8097000122070312
    }
}