{
    "config": "configs/cityscapes/ddp_convnext_t_4x4_512x1024_160k_cityscapes.py",
    "metric": {
        "aAcc": 0.9682999999999999,
        "mIoU": 0.8256,
        "mAcc": 0.8861,
        "IoU.road": 0.9869999694824219,
        "IoU.sidewalk": 0.8833999633789062,
        "IoU.building": 0.9368000030517578,
        "IoU.wall": 0.6034999847412109,
        "IoU.fence": 0.6677999877929688,
        "IoU.pole": 0.7276000213623047,
        "IoU.traffic light": 0.7586000061035156,
        "IoU.traffic sign": 0.8384999847412109,
        "IoU.vegetation": 0.9329000091552735,
        "IoU.terrain": 0.6547000122070312,
        "IoU.sky": 0.9537999725341797,
        "IoU.person": 0.8529000091552734,
        "IoU.rider": 0.6668000030517578,
        "IoU.car": 0.9630999755859375,
        "IoU.truck": 0.8869999694824219,
        "IoU.bus": 0.9333000183105469,
        "IoU.train": 0.8933000183105468,
        "IoU.motorcycle": 0.7273000335693359,
        "IoU.bicycle": 0.8181999969482422,
        "Acc.road": 0.9943000030517578,
        "Acc.sidewalk": 0.9423999786376953,
        "Acc.building": 0.9723999786376953,
        "Acc.wall": 0.6969999694824218,
        "Acc.fence": 0.7437999725341797,
        "Acc.pole": 0.8255999755859375,
        "Acc.traffic light": 0.861500015258789,
        "Acc.traffic sign": 0.8983999633789063,
        "Acc.vegetation": 0.9656999969482422,
        "Acc.terrain": 0.7487000274658203,
        "Acc.sky": 0.9854000091552735,
        "Acc.person": 0.9215000152587891,
        "Acc.rider": 0.7898999786376953,
        "Acc.car": 0.9801999664306641,
        "Acc.truck": 0.9294999694824219,
        "Acc.bus": 0.950999984741211,
        "Acc.train": 0.9181999969482422,
        "Acc.motorcycle": 0.7987000274658204,
        "Acc.bicycle": 0.9108000183105469
    }
}