{
    "config": "configs/cityscapes/ddp_convnext_t_4x4_512x1024_160k_cityscapes.py",
    "metric": {
        "aAcc": 0.9590000000000001,
        "mIoU": 0.787,
        "mAcc": 0.8661,
        "IoU.road": 0.9819000244140625,
        "IoU.sidewalk": 0.8501000213623047,
        "IoU.building": 0.9176999664306641,
        "IoU.wall": 0.584900016784668,
        "IoU.fence": 0.6216999816894532,
        "IoU.pole": 0.6072000122070312,
        "IoU.traffic light": 0.6544000244140625,
        "IoU.traffic sign": 0.7876999664306641,
        "IoU.vegetation": 0.9162999725341797,
        "IoU.terrain": 0.64,
        "IoU.sky": 0.9394000244140625,
        "IoU.person": 0.813499984741211,
        "IoU.rider": 0.6140000152587891,
        "IoU.car": 0.9538999938964844,
        "IoU.truck": 0.8616999816894532,
        "IoU.bus": 0.9097000122070312,
        "IoU.train": 0.8373000335693359,
        "IoU.motorcycle": 0.6847000122070312,
        "IoU.bicycle": 0.7777999877929688,
        "Acc.road": 0.9887999725341797,
        "Acc.sidewalk": 0.9286000061035157,
        "Acc.building": 0.9518000030517578,
        "Acc.wall": 0.6766999816894531,
        "Acc.fence": 0.7369999694824219,
        "Acc.pole": 0.7313999938964844,
        "Acc.traffic light": 0.7487000274658203,
        "Acc.traffic sign": 0.8806999969482422,
        "Acc.vegetation": 0.9654000091552735,
        "Acc.terrain": 0.7930999755859375,
        "Acc.sky": 0.9861000061035157,
        "Acc.person": 0.9316000366210937,
        "Acc.rider": 0.7454000091552735,
        "Acc.car": 0.9797000122070313,
        "Acc.truck": 0.9080999755859375,
        "Acc.bus": 0.939800033569336,
        "Acc.train": 0.8970999908447266,
        "Acc.motorcycle": 0.785,
        "Acc.bicycle": 0.8806999969482422
    }
}