{
    "config": "configs/cityscapes/ddp_convnext_t_4x4_512x1024_160k_cityscapes.py",
    "metric": {
        "aAcc": 0.9606,
        "mIoU": 0.7909,
        "mAcc": 0.8588,
        "IoU.road": 0.981500015258789,
        "IoU.sidewalk": 0.8463999938964843,
        "IoU.building": 0.9247000122070312,
        "IoU.wall": 0.5618000030517578,
        "IoU.fence": 0.6261000061035156,
        "IoU.pole": 0.6268000030517578,
        "IoU.traffic light": 0.6831999969482422,
        "IoU.traffic sign": 0.79,
        "IoU.vegetation": 0.9226000213623047,
        "IoU.terrain": 0.6419999694824219,
        "IoU.sky": 0.9401000213623046,
        "IoU.person": 0.8166999816894531,
        "IoU.rider": 0.6218999862670899,
        "IoU.car": 0.9511000061035156,
        "IoU.truck": 0.8572000122070312,
        "IoU.bus": 0.908499984741211,
        "IoU.train": 0.8523999786376953,
        "IoU.motorcycle": 0.7005999755859375,
        "IoU.bicycle": 0.7744999694824218,
        "Acc.road": 0.9912999725341797,
        "Acc.sidewalk": 0.9283000183105469,
        "Acc.building": 0.9691000366210938,
        "Acc.wall": 0.6222999954223633,
        "Acc.fence": 0.7261000061035157,
        "Acc.pole": 0.7512999725341797,
        "Acc.traffic light": 0.7495999908447266,
        "Acc.traffic sign": 0.8551000213623047,
        "Acc.vegetation": 0.9566999816894531,
        "Acc.terrain": 0.7258000183105469,
        "Acc.sky": 0.9773000335693359,
        "Acc.person": 0.912300033569336,
        "Acc.rider": 0.7376000213623047,
        "Acc.car": 0.9758999633789063,
        "Acc.truck": 0.9312000274658203,
        "Acc.bus": 0.933499984741211,
        "Acc.train": 0.8919999694824219,
        "Acc.motorcycle": 0.785,
        "Acc.bicycle": 0.8973999786376953
    }
}