{
    "config": "configs/cityscapes/ddp_convnext_t_4x4_512x1024_160k_cityscapes.py",
    "metric": {
        "aAcc": 0.9609000000000001,
        "mIoU": 0.7918999999999999,
        "mAcc": 0.8606,
        "IoU.road": 0.9816000366210937,
        "IoU.sidewalk": 0.8491999816894531,
        "IoU.building": 0.9254000091552734,
        "IoU.wall": 0.5666999816894531,
        "IoU.fence": 0.6336999893188476,
        "IoU.pole": 0.6145999908447266,
        "IoU.traffic light": 0.68,
        "IoU.traffic sign": 0.7905000305175781,
        "IoU.vegetation": 0.9229000091552735,
        "IoU.terrain": 0.6515000152587891,
        "IoU.sky": 0.9408999633789062,
        "IoU.person": 0.8177999877929687,
        "IoU.rider": 0.6252999877929688,
        "IoU.car": 0.9519000244140625,
        "IoU.truck": 0.8622000122070312,
        "IoU.bus": 0.9066999816894531,
        "IoU.train": 0.8523000335693359,
        "IoU.motorcycle": 0.6961000061035156,
        "IoU.bicycle": 0.7761000061035156,
        "Acc.road": 0.9901000213623047,
        "Acc.sidewalk": 0.928499984741211,
        "Acc.building": 0.9636000061035156,
        "Acc.wall": 0.6218000030517579,
        "Acc.fence": 0.7356999969482422,
        "Acc.pole": 0.7331999969482422,
        "Acc.traffic light": 0.7552999877929687,
        "Acc.traffic sign": 0.8758000183105469,
        "Acc.vegetation": 0.9655000305175782,
        "Acc.terrain": 0.7355000305175782,
        "Acc.sky": 0.9791999816894531,
        "Acc.person": 0.923499984741211,
        "Acc.rider": 0.740999984741211,
        "Acc.car": 0.9794999694824219,
        "Acc.truck": 0.9315000152587891,
        "Acc.bus": 0.9340000152587891,
        "Acc.train": 0.8904000091552734,
        "Acc.motorcycle": 0.7825,
        "Acc.bicycle": 0.885
    }
}