{
    "config": "configs/cityscapes/ddp_convnext_t_4x4_512x1024_160k_cityscapes.py",
    "metric": {
        "aAcc": 0.9604,
        "mIoU": 0.7914,
        "mAcc": 0.8613,
        "IoU.road": 0.9816000366210937,
        "IoU.sidewalk": 0.8487999725341797,
        "IoU.building": 0.9237999725341797,
        "IoU.wall": 0.5656000137329101,
        "IoU.fence": 0.6266999816894532,
        "IoU.pole": 0.6177000045776367,
        "IoU.traffic light": 0.6813999938964844,
        "IoU.traffic sign": 0.792300033569336,
        "IoU.vegetation": 0.9212999725341797,
        "IoU.terrain": 0.6541000366210937,
        "IoU.sky": 0.9419999694824219,
        "IoU.person": 0.8158000183105468,
        "IoU.rider": 0.620099983215332,
        "IoU.car": 0.9508999633789063,
        "IoU.truck": 0.8652999877929688,
        "IoU.bus": 0.9062999725341797,
        "IoU.train": 0.8522000122070312,
        "IoU.motorcycle": 0.6963999938964843,
        "IoU.bicycle": 0.7748999786376953,
        "Acc.road": 0.9901000213623047,
        "Acc.sidewalk": 0.9331999969482422,
        "Acc.building": 0.9619999694824218,
        "Acc.wall": 0.6215000152587891,
        "Acc.fence": 0.7093000030517578,
        "Acc.pole": 0.7813999938964844,
        "Acc.traffic light": 0.7513999938964844,
        "Acc.traffic sign": 0.8772000122070313,
        "Acc.vegetation": 0.9612999725341796,
        "Acc.terrain": 0.7487000274658203,
        "Acc.sky": 0.9755000305175782,
        "Acc.person": 0.9225,
        "Acc.rider": 0.7237999725341797,
        "Acc.car": 0.9766000366210937,
        "Acc.truck": 0.9276000213623047,
        "Acc.bus": 0.9373999786376953,
        "Acc.train": 0.8880999755859375,
        "Acc.motorcycle": 0.7868000030517578,
        "Acc.bicycle": 0.890199966430664
    }
}