{
    "config": "configs/cityscapes/ddp_convnext_t_4x4_512x1024_160k_cityscapes.py",
    "metric": {
        "aAcc": 0.951,
        "mIoU": 0.7234999999999999,
        "mAcc": 0.7877,
        "IoU.road": 0.9748999786376953,
        "IoU.sidewalk": 0.8070999908447266,
        "IoU.building": 0.9116000366210938,
        "IoU.wall": 0.527400016784668,
        "IoU.fence": 0.6024000167846679,
        "IoU.pole": 0.5354999923706054,
        "IoU.traffic light": 0.0,
        "IoU.traffic sign": 0.7354000091552735,
        "IoU.vegetation": 0.9080000305175782,
        "IoU.terrain": 0.5843999862670899,
        "IoU.sky": 0.9227999877929688,
        "IoU.person": 0.7711000061035156,
        "IoU.rider": 0.5797000122070313,
        "IoU.car": 0.9302999877929687,
        "IoU.truck": 0.8458000183105469,
        "IoU.bus": 0.8983000183105468,
        "IoU.train": 0.8231999969482422,
        "IoU.motorcycle": 0.6630000305175782,
        "IoU.bicycle": 0.7255999755859375,
        "Acc.road": 0.9923000335693359,
        "Acc.sidewalk": 0.9080000305175782,
        "Acc.building": 0.9616000366210937,
        "Acc.wall": 0.5708000183105468,
        "Acc.fence": 0.7002999877929688,
        "Acc.pole": 0.6726999664306641,
        "Acc.traffic light": 0.0,
        "Acc.traffic sign": 0.8427999877929687,
        "Acc.vegetation": 0.9561000061035156,
        "Acc.terrain": 0.6327000045776368,
        "Acc.sky": 0.952699966430664,
        "Acc.person": 0.8769000244140625,
        "Acc.rider": 0.6895999908447266,
        "Acc.car": 0.9623999786376953,
        "Acc.truck": 0.914000015258789,
        "Acc.bus": 0.924000015258789,
        "Acc.train": 0.8454000091552735,
        "Acc.motorcycle": 0.7479000091552734,
        "Acc.bicycle": 0.8155000305175781
    }
}