{
    "config": "configs/cityscapes/ddp_convnext_t_4x4_512x1024_160k_cityscapes.py",
    "metric": {
        "aAcc": 0.027000000000000003,
        "mIoU": 0.0060999999999999995,
        "mAcc": 0.047599999999999996,
        "IoU.road": 0.05170000076293945,
        "IoU.sidewalk": 0.021700000762939452,
        "IoU.building": 0.0027000001072883606,
        "IoU.wall": 9.999999776482581e-05,
        "IoU.fence": 0.0017000000178813935,
        "IoU.pole": 0.0017000000178813935,
        "IoU.traffic light": 0.0020000000298023225,
        "IoU.traffic sign": 0.0070999997854232786,
        "IoU.vegetation": 0.002800000011920929,
        "IoU.terrain": 0.006200000047683716,
        "IoU.sky": 0.003199999928474426,
        "IoU.person": 0.007699999809265137,
        "IoU.rider": 0.0027000001072883606,
        "IoU.car": 0.0011999999731779098,
        "IoU.truck": 0.0020000000298023225,
        "IoU.bus": 0.0,
        "IoU.train": 9.999999776482581e-05,
        "IoU.motorcycle": 0.0,
        "IoU.bicycle": 0.0005999999865889549,
        "Acc.road": 0.05760000228881836,
        "Acc.sidewalk": 0.032699999809265134,
        "Acc.building": 0.002800000011920929,
        "Acc.wall": 9.999999776482581e-05,
        "Acc.fence": 0.002199999988079071,
        "Acc.pole": 0.0020000000298023225,
        "Acc.traffic light": 0.7194000244140625,
        "Acc.traffic sign": 0.015700000524520873,
        "Acc.vegetation": 0.0036000001430511477,
        "Acc.terrain": 0.015199999809265136,
        "Acc.sky": 0.003499999940395355,
        "Acc.person": 0.025499999523162842,
        "Acc.rider": 0.014800000190734863,
        "Acc.car": 0.0011999999731779098,
        "Acc.truck": 0.0023000000417232516,
        "Acc.bus": 0.0,
        "Acc.train": 0.0020999999344348905,
        "Acc.motorcycle": 9.999999776482581e-05,
        "Acc.bicycle": 0.0033000001311302186
    }
}