{
    "config": "configs/cityscapes/ddp_convnext_t_4x4_512x1024_160k_cityscapes.py",
    "metric": {
        "aAcc": 0.9518000000000001,
        "mIoU": 0.7595999999999999,
        "mAcc": 0.8371999999999999,
        "IoU.road": 0.9761000061035157,
        "IoU.sidewalk": 0.8131999969482422,
        "IoU.building": 0.9104000091552734,
        "IoU.wall": 0.5466999816894531,
        "IoU.fence": 0.6140999984741211,
        "IoU.pole": 0.5229000091552735,
        "IoU.traffic light": 0.6259000015258789,
        "IoU.traffic sign": 0.7411000061035157,
        "IoU.vegetation": 0.9063999938964844,
        "IoU.terrain": 0.6318999862670899,
        "IoU.sky": 0.9191999816894532,
        "IoU.person": 0.7626000213623046,
        "IoU.rider": 0.5793000030517578,
        "IoU.car": 0.9293000030517579,
        "IoU.truck": 0.8433999633789062,
        "IoU.bus": 0.8894999694824218,
        "IoU.train": 0.8330999755859375,
        "IoU.motorcycle": 0.6601000213623047,
        "IoU.bicycle": 0.7277999877929687,
        "Acc.road": 0.9908999633789063,
        "Acc.sidewalk": 0.9065000152587891,
        "Acc.building": 0.9537000274658203,
        "Acc.wall": 0.6068000030517579,
        "Acc.fence": 0.7234999847412109,
        "Acc.pole": 0.6379999923706055,
        "Acc.traffic light": 0.7075,
        "Acc.traffic sign": 0.827699966430664,
        "Acc.vegetation": 0.956500015258789,
        "Acc.terrain": 0.7355999755859375,
        "Acc.sky": 0.9554000091552735,
        "Acc.person": 0.8883000183105468,
        "Acc.rider": 0.7094000244140625,
        "Acc.car": 0.9677999877929687,
        "Acc.truck": 0.9093000030517578,
        "Acc.bus": 0.9262000274658203,
        "Acc.train": 0.8727999877929687,
        "Acc.motorcycle": 0.7875,
        "Acc.bicycle": 0.8437999725341797
    }
}