{
    "config": "configs/cityscapes/ddp_convnext_t_4x4_512x1024_160k_cityscapes.py",
    "metric": {
        "aAcc": 0.95,
        "mIoU": 0.753,
        "mAcc": 0.828,
        "IoU.road": 0.9741999816894531,
        "IoU.sidewalk": 0.8031999969482422,
        "IoU.building": 0.9079000091552735,
        "IoU.wall": 0.5336999893188477,
        "IoU.fence": 0.6086999893188476,
        "IoU.pole": 0.5084999847412109,
        "IoU.traffic light": 0.6079999923706054,
        "IoU.traffic sign": 0.7336000061035156,
        "IoU.vegetation": 0.9037999725341797,
        "IoU.terrain": 0.620999984741211,
        "IoU.sky": 0.9169999694824219,
        "IoU.person": 0.759000015258789,
        "IoU.rider": 0.5756000137329101,
        "IoU.car": 0.9275,
        "IoU.truck": 0.8420999908447265,
        "IoU.bus": 0.8827999877929688,
        "IoU.train": 0.8269000244140625,
        "IoU.motorcycle": 0.6526999664306641,
        "IoU.bicycle": 0.7205999755859375,
        "Acc.road": 0.9912999725341797,
        "Acc.sidewalk": 0.8986000061035156,
        "Acc.building": 0.9561000061035156,
        "Acc.wall": 0.5854999923706055,
        "Acc.fence": 0.7233000183105469,
        "Acc.pole": 0.6311999893188477,
        "Acc.traffic light": 0.6791000366210938,
        "Acc.traffic sign": 0.8137999725341797,
        "Acc.vegetation": 0.9508000183105468,
        "Acc.terrain": 0.7091000366210938,
        "Acc.sky": 0.9523999786376953,
        "Acc.person": 0.8827999877929688,
        "Acc.rider": 0.6875,
        "Acc.car": 0.9655000305175782,
        "Acc.truck": 0.9138999938964844,
        "Acc.bus": 0.915,
        "Acc.train": 0.8622000122070312,
        "Acc.motorcycle": 0.7616000366210938,
        "Acc.bicycle": 0.8523999786376953
    }
}