{
    "config": "/home/sidd_s/Diffusion_conditional_prior_segmentation/DDP/segmentation/configs/foggydrivingfull/ddp_convnext_l_4x4_1080x1920_test_foggydrivingfull.py",
    "metric": {
        "aAcc": 0.9017000000000001,
        "mIoU": 0.5737,
        "mAcc": 0.7184999999999999,
        "IoU.road": 0.9363999938964844,
        "IoU.sidewalk": 0.4072000122070312,
        "IoU.building": 0.7577999877929688,
        "IoU.wall": 0.4259999847412109,
        "IoU.fence": 0.19549999237060547,
        "IoU.pole": 0.5256999969482422,
        "IoU.traffic light": 0.6377999877929688,
        "IoU.traffic sign": 0.6058000183105469,
        "IoU.vegetation": 0.7602999877929687,
        "IoU.terrain": 0.1715999984741211,
        "IoU.sky": 0.9337999725341797,
        "IoU.person": 0.7306999969482422,
        "IoU.rider": 0.5838999938964844,
        "IoU.car": 0.7295999908447266,
        "IoU.truck": 0.21350000381469728,
        "IoU.bus": 0.7066000366210937,
        "IoU.train": 0.8718000030517579,
        "IoU.motorcycle": 0.29600000381469727,
        "IoU.bicycle": 0.4093000030517578,
        "Acc.road": 0.9862000274658204,
        "Acc.sidewalk": 0.43709999084472656,
        "Acc.building": 0.8248999786376953,
        "Acc.wall": 0.6375999832153321,
        "Acc.fence": 0.2925,
        "Acc.pole": 0.6647000122070312,
        "Acc.traffic light": 0.7469000244140624,
        "Acc.traffic sign": 0.7158000183105468,
        "Acc.vegetation": 0.8723999786376954,
        "Acc.terrain": 0.7438999938964844,
        "Acc.sky": 0.9622000122070312,
        "Acc.person": 0.8926000213623047,
        "Acc.rider": 0.7456999969482422,
        "Acc.car": 0.9401000213623046,
        "Acc.truck": 0.22120000839233397,
        "Acc.bus": 0.7133000183105469,
        "Acc.train": 0.8918000030517578,
        "Acc.motorcycle": 0.5395000076293945,
        "Acc.bicycle": 0.8222000122070312
    }
}