{
    "config": "/home/sidd_s/Diffusion_conditional_prior_segmentation/DDP/segmentation/configs/cityscapes/ssd_convnext_l_4x4_512x1024_160k_cityscapes_retry.py",
    "metric": {
        "aAcc": 0.9684999999999999,
        "mIoU": 0.8283,
        "mAcc": 0.8868,
        "IoU.road": 0.9866999816894532,
        "IoU.sidewalk": 0.8865000152587891,
        "IoU.building": 0.9358000183105468,
        "IoU.wall": 0.571500015258789,
        "IoU.fence": 0.6716000366210938,
        "IoU.pole": 0.721500015258789,
        "IoU.traffic light": 0.770199966430664,
        "IoU.traffic sign": 0.8440000152587891,
        "IoU.vegetation": 0.9330999755859375,
        "IoU.terrain": 0.6808999633789062,
        "IoU.sky": 0.9538999938964844,
        "IoU.person": 0.8593000030517578,
        "IoU.rider": 0.6723999786376953,
        "IoU.car": 0.9641000366210938,
        "IoU.truck": 0.8975,
        "IoU.bus": 0.9373000335693359,
        "IoU.train": 0.8927999877929688,
        "IoU.motorcycle": 0.7383000183105469,
        "IoU.bicycle": 0.8202999877929688,
        "Acc.road": 0.9937999725341797,
        "Acc.sidewalk": 0.9405999755859376,
        "Acc.building": 0.9756999969482422,
        "Acc.wall": 0.6365999984741211,
        "Acc.fence": 0.7541999816894531,
        "Acc.pole": 0.8151999664306641,
        "Acc.traffic light": 0.8793000030517578,
        "Acc.traffic sign": 0.9080999755859375,
        "Acc.vegetation": 0.9644000244140625,
        "Acc.terrain": 0.745,
        "Acc.sky": 0.9872000122070312,
        "Acc.person": 0.9311000061035156,
        "Acc.rider": 0.759000015258789,
        "Acc.car": 0.9826000213623047,
        "Acc.truck": 0.9337000274658203,
        "Acc.bus": 0.9625,
        "Acc.train": 0.9126999664306641,
        "Acc.motorcycle": 0.8433000183105469,
        "Acc.bicycle": 0.9245999908447265
    }
}