{
    "config": "/home/sidd_s/Diffusion_conditional_prior_segmentation/DDP/segmentation/configs/cityscapes/ssd_convnext_l_4x4_512x1024_160k_cityscapes_retry.py",
    "metric": {
        "aAcc": 0.9688,
        "mIoU": 0.833,
        "mAcc": 0.8941,
        "IoU.road": 0.9866999816894532,
        "IoU.sidewalk": 0.8883000183105468,
        "IoU.building": 0.9375,
        "IoU.wall": 0.5872000122070312,
        "IoU.fence": 0.6940000152587891,
        "IoU.pole": 0.7155999755859375,
        "IoU.traffic light": 0.7641999816894531,
        "IoU.traffic sign": 0.8426000213623047,
        "IoU.vegetation": 0.9340000152587891,
        "IoU.terrain": 0.6780999755859375,
        "IoU.sky": 0.9551000213623047,
        "IoU.person": 0.8612000274658204,
        "IoU.rider": 0.6958999633789062,
        "IoU.car": 0.9634999847412109,
        "IoU.truck": 0.9077999877929688,
        "IoU.bus": 0.9373999786376953,
        "IoU.train": 0.8976000213623047,
        "IoU.motorcycle": 0.759000015258789,
        "IoU.bicycle": 0.8209999847412109,
        "Acc.road": 0.9936000061035156,
        "Acc.sidewalk": 0.9405000305175781,
        "Acc.building": 0.9708000183105469,
        "Acc.wall": 0.6606999969482422,
        "Acc.fence": 0.7856999969482422,
        "Acc.pole": 0.84,
        "Acc.traffic light": 0.874000015258789,
        "Acc.traffic sign": 0.9115000152587891,
        "Acc.vegetation": 0.9687999725341797,
        "Acc.terrain": 0.7594000244140625,
        "Acc.sky": 0.9851999664306641,
        "Acc.person": 0.9297000122070312,
        "Acc.rider": 0.8083000183105469,
        "Acc.car": 0.9812999725341797,
        "Acc.truck": 0.9441999816894531,
        "Acc.bus": 0.960999984741211,
        "Acc.train": 0.9230000305175782,
        "Acc.motorcycle": 0.8473999786376953,
        "Acc.bicycle": 0.9033000183105468
    }
}