{
    "config": "/home/sidd_s/Diffusion_conditional_prior_segmentation/DDP/segmentation/configs/cityscapes/ssd_convnext_l_4x4_512x1024_160k_cityscapes_retry.py",
    "metric": {
        "aAcc": 0.9688,
        "mIoU": 0.833,
        "mAcc": 0.8943000000000001,
        "IoU.road": 0.9866999816894532,
        "IoU.sidewalk": 0.8883000183105468,
        "IoU.building": 0.9375,
        "IoU.wall": 0.5872999954223633,
        "IoU.fence": 0.6937999725341797,
        "IoU.pole": 0.7155999755859375,
        "IoU.traffic light": 0.7641000366210937,
        "IoU.traffic sign": 0.842699966430664,
        "IoU.vegetation": 0.9340000152587891,
        "IoU.terrain": 0.6783999633789063,
        "IoU.sky": 0.955,
        "IoU.person": 0.8612999725341797,
        "IoU.rider": 0.6961000061035156,
        "IoU.car": 0.9634999847412109,
        "IoU.truck": 0.907300033569336,
        "IoU.bus": 0.9372000122070312,
        "IoU.train": 0.897300033569336,
        "IoU.motorcycle": 0.7591000366210937,
        "IoU.bicycle": 0.8212000274658203,
        "Acc.road": 0.9936000061035156,
        "Acc.sidewalk": 0.9405000305175781,
        "Acc.building": 0.9705999755859375,
        "Acc.wall": 0.6609999847412109,
        "Acc.fence": 0.7844999694824218,
        "Acc.pole": 0.8416999816894531,
        "Acc.traffic light": 0.8741999816894531,
        "Acc.traffic sign": 0.9116999816894531,
        "Acc.vegetation": 0.9688999938964844,
        "Acc.terrain": 0.7595999908447265,
        "Acc.sky": 0.9852999877929688,
        "Acc.person": 0.9294999694824219,
        "Acc.rider": 0.8090000152587891,
        "Acc.car": 0.9812999725341797,
        "Acc.truck": 0.9444000244140625,
        "Acc.bus": 0.9608999633789063,
        "Acc.train": 0.9230999755859375,
        "Acc.motorcycle": 0.8480999755859375,
        "Acc.bicycle": 0.9037000274658203
    }
}