{
    "config": "/home/sidd_s/Diffusion_conditional_prior_segmentation/DDP/segmentation/configs/cityscapes/ssd_convnext_l_4x4_512x1024_160k_cityscapes_retry.py",
    "metric": {
        "aAcc": 0.9692000000000001,
        "mIoU": 0.8341,
        "mAcc": 0.8946,
        "IoU.road": 0.9868000030517579,
        "IoU.sidewalk": 0.8893000030517578,
        "IoU.building": 0.9380000305175781,
        "IoU.wall": 0.5872999954223633,
        "IoU.fence": 0.6941999816894531,
        "IoU.pole": 0.7231999969482422,
        "IoU.traffic light": 0.7658999633789062,
        "IoU.traffic sign": 0.8458000183105469,
        "IoU.vegetation": 0.9344000244140624,
        "IoU.terrain": 0.6788999938964844,
        "IoU.sky": 0.9558000183105468,
        "IoU.person": 0.8625,
        "IoU.rider": 0.696500015258789,
        "IoU.car": 0.9643000030517578,
        "IoU.truck": 0.9077999877929688,
        "IoU.bus": 0.9375,
        "IoU.train": 0.8980000305175782,
        "IoU.motorcycle": 0.760199966430664,
        "IoU.bicycle": 0.821500015258789,
        "Acc.road": 0.9936000061035156,
        "Acc.sidewalk": 0.9412000274658203,
        "Acc.building": 0.9711000061035157,
        "Acc.wall": 0.6608999633789062,
        "Acc.fence": 0.7866000366210938,
        "Acc.pole": 0.8380999755859375,
        "Acc.traffic light": 0.8758000183105469,
        "Acc.traffic sign": 0.9123999786376953,
        "Acc.vegetation": 0.9694999694824219,
        "Acc.terrain": 0.7605000305175781,
        "Acc.sky": 0.9856999969482422,
        "Acc.person": 0.9315000152587891,
        "Acc.rider": 0.8086000061035157,
        "Acc.car": 0.9818000030517579,
        "Acc.truck": 0.9441999816894531,
        "Acc.bus": 0.960999984741211,
        "Acc.train": 0.9230999755859375,
        "Acc.motorcycle": 0.8481999969482422,
        "Acc.bicycle": 0.9037999725341797
    }
}