{
    "config": "/home/sidd_s/Diffusion_conditional_prior_segmentation/DDP/segmentation/configs/acdcrain/ddp_convnext_l_4x4_1080x1920_test_acdcrain.py",
    "metric": {
        "aAcc": 0.9157,
        "mIoU": 0.5809000000000001,
        "mAcc": 0.7709999999999999,
        "IoU.road": 0.8416999816894531,
        "IoU.sidewalk": 0.510099983215332,
        "IoU.building": 0.8501999664306641,
        "IoU.wall": 0.26979999542236327,
        "IoU.fence": 0.2829000091552734,
        "IoU.pole": 0.5236999893188476,
        "IoU.traffic light": 0.7283999633789062,
        "IoU.traffic sign": 0.6959999847412109,
        "IoU.vegetation": 0.8808999633789063,
        "IoU.terrain": 0.3915999984741211,
        "IoU.sky": 0.9766000366210937,
        "IoU.person": 0.6275,
        "IoU.rider": 0.34040000915527346,
        "IoU.car": 0.8443000030517578,
        "IoU.truck": 0.43490001678466794,
        "IoU.bus": 0.7855000305175781,
        "IoU.train": 0.653499984741211,
        "IoU.motorcycle": 0.16809999465942382,
        "IoU.bicycle": 0.23040000915527345,
        "Acc.road": 0.8909999847412109,
        "Acc.sidewalk": 0.5683000183105469,
        "Acc.building": 0.9443000030517578,
        "Acc.wall": 0.39990001678466797,
        "Acc.fence": 0.3629999923706055,
        "Acc.pole": 0.5997000122070313,
        "Acc.traffic light": 0.7877999877929688,
        "Acc.traffic sign": 0.8573999786376953,
        "Acc.vegetation": 0.9604000091552735,
        "Acc.terrain": 0.7105999755859375,
        "Acc.sky": 0.9898999786376953,
        "Acc.person": 0.894000015258789,
        "Acc.rider": 0.7601000213623047,
        "Acc.car": 0.9441000366210938,
        "Acc.truck": 0.8794999694824219,
        "Acc.bus": 0.8276000213623047,
        "Acc.train": 0.9268000030517578,
        "Acc.motorcycle": 0.650199966430664,
        "Acc.bicycle": 0.6952999877929688
    }
}