{
    "config": "/home/sidd_s/Diffusion_conditional_prior_segmentation/DDP/segmentation/configs/acdcrain/ddp_convnext_l_4x4_1080x1920_test_acdcrain.py",
    "metric": {
        "aAcc": 0.9081999999999999,
        "mIoU": 0.5796,
        "mAcc": 0.7681999999999999,
        "IoU.road": 0.7966000366210938,
        "IoU.sidewalk": 0.4752999877929687,
        "IoU.building": 0.8587000274658203,
        "IoU.wall": 0.2645000076293945,
        "IoU.fence": 0.30620000839233397,
        "IoU.pole": 0.5313999938964844,
        "IoU.traffic light": 0.7191000366210938,
        "IoU.traffic sign": 0.7184999847412109,
        "IoU.vegetation": 0.8816000366210938,
        "IoU.terrain": 0.28280000686645507,
        "IoU.sky": 0.9781999969482422,
        "IoU.person": 0.5481999969482422,
        "IoU.rider": 0.43380001068115237,
        "IoU.car": 0.8504000091552735,
        "IoU.truck": 0.35200000762939454,
        "IoU.bus": 0.7894999694824218,
        "IoU.train": 0.7168000030517578,
        "IoU.motorcycle": 0.1925,
        "IoU.bicycle": 0.3171999931335449,
        "Acc.road": 0.8416000366210937,
        "Acc.sidewalk": 0.5229000091552735,
        "Acc.building": 0.9348000335693359,
        "Acc.wall": 0.3711999893188477,
        "Acc.fence": 0.35060001373291017,
        "Acc.pole": 0.6216999816894532,
        "Acc.traffic light": 0.7998000335693359,
        "Acc.traffic sign": 0.8647000122070313,
        "Acc.vegetation": 0.9720999908447265,
        "Acc.terrain": 0.7358999633789063,
        "Acc.sky": 0.9901999664306641,
        "Acc.person": 0.899000015258789,
        "Acc.rider": 0.8186000061035156,
        "Acc.car": 0.9434999847412109,
        "Acc.truck": 0.8825,
        "Acc.bus": 0.8205000305175781,
        "Acc.train": 0.9318000030517578,
        "Acc.motorcycle": 0.7062000274658203,
        "Acc.bicycle": 0.5890000152587891
    }
}