{
    "config": "/home/sidd_s/Diffusion_conditional_prior_segmentation/DDP/segmentation/configs/acdcrain/ddp_convnext_l_4x4_1080x1920_test_acdcrain.py",
    "metric": {
        "aAcc": 0.9118,
        "mIoU": 0.5871,
        "mAcc": 0.7704000000000001,
        "IoU.road": 0.8188999938964844,
        "IoU.sidewalk": 0.4815999984741211,
        "IoU.building": 0.8533000183105469,
        "IoU.wall": 0.2897999954223633,
        "IoU.fence": 0.2809000015258789,
        "IoU.pole": 0.5215999984741211,
        "IoU.traffic light": 0.7287000274658203,
        "IoU.traffic sign": 0.7155000305175782,
        "IoU.vegetation": 0.8761000061035156,
        "IoU.terrain": 0.3631999969482422,
        "IoU.sky": 0.9768000030517578,
        "IoU.person": 0.6,
        "IoU.rider": 0.39439998626708983,
        "IoU.car": 0.8412999725341797,
        "IoU.truck": 0.462599983215332,
        "IoU.bus": 0.7869000244140625,
        "IoU.train": 0.7698000335693359,
        "IoU.motorcycle": 0.16959999084472657,
        "IoU.bicycle": 0.22309999465942382,
        "Acc.road": 0.8679000091552734,
        "Acc.sidewalk": 0.5438000106811524,
        "Acc.building": 0.9441000366210938,
        "Acc.wall": 0.3938999938964844,
        "Acc.fence": 0.3666999816894531,
        "Acc.pole": 0.6054000091552735,
        "Acc.traffic light": 0.7943000030517579,
        "Acc.traffic sign": 0.8568000030517579,
        "Acc.vegetation": 0.9634999847412109,
        "Acc.terrain": 0.7247000122070313,
        "Acc.sky": 0.9891000366210938,
        "Acc.person": 0.8980999755859375,
        "Acc.rider": 0.7466999816894532,
        "Acc.car": 0.9397000122070313,
        "Acc.truck": 0.8776000213623046,
        "Acc.bus": 0.83,
        "Acc.train": 0.9102999877929687,
        "Acc.motorcycle": 0.6858999633789062,
        "Acc.bicycle": 0.6994000244140625
    }
}