{
    "config": "/home/sidd_s/Diffusion_conditional_prior_segmentation/DDP/segmentation/configs/acdcrain/ddp_convnext_l_4x4_1080x1920_test_acdcrain.py",
    "metric": {
        "aAcc": 0.9198000000000001,
        "mIoU": 0.6104999999999999,
        "mAcc": 0.7728,
        "IoU.road": 0.8769000244140625,
        "IoU.sidewalk": 0.5179000091552735,
        "IoU.building": 0.8258000183105468,
        "IoU.wall": 0.2929999923706055,
        "IoU.fence": 0.3218999862670898,
        "IoU.pole": 0.5409999847412109,
        "IoU.traffic light": 0.716500015258789,
        "IoU.traffic sign": 0.7305999755859375,
        "IoU.vegetation": 0.8955000305175781,
        "IoU.terrain": 0.4377000045776367,
        "IoU.sky": 0.9687999725341797,
        "IoU.person": 0.6733000183105469,
        "IoU.rider": 0.5790000152587891,
        "IoU.car": 0.8480999755859375,
        "IoU.truck": 0.3452999877929688,
        "IoU.bus": 0.7447000122070313,
        "IoU.train": 0.5781000137329102,
        "IoU.motorcycle": 0.21989999771118163,
        "IoU.bicycle": 0.4856999969482422,
        "Acc.road": 0.9543000030517578,
        "Acc.sidewalk": 0.5668000030517578,
        "Acc.building": 0.9420999908447265,
        "Acc.wall": 0.4331000137329102,
        "Acc.fence": 0.3616999816894531,
        "Acc.pole": 0.617599983215332,
        "Acc.traffic light": 0.769000015258789,
        "Acc.traffic sign": 0.837699966430664,
        "Acc.vegetation": 0.9561000061035156,
        "Acc.terrain": 0.7201999664306641,
        "Acc.sky": 0.9794000244140625,
        "Acc.person": 0.8611000061035157,
        "Acc.rider": 0.8208000183105468,
        "Acc.car": 0.9491000366210938,
        "Acc.truck": 0.8679000091552734,
        "Acc.bus": 0.7776000213623047,
        "Acc.train": 0.9130999755859375,
        "Acc.motorcycle": 0.6284999847412109,
        "Acc.bicycle": 0.7281999969482422
    }
}