{
    "config": "/home/sidd_s/Diffusion_conditional_prior_segmentation/DDP/segmentation/configs/acdcrain/ddp_convnext_l_4x4_1080x1920_test_acdcrain.py",
    "metric": {
        "aAcc": 0.9162,
        "mIoU": 0.5796,
        "mAcc": 0.7698,
        "IoU.road": 0.8493000030517578,
        "IoU.sidewalk": 0.5,
        "IoU.building": 0.8504000091552735,
        "IoU.wall": 0.2511000061035156,
        "IoU.fence": 0.28639999389648435,
        "IoU.pole": 0.5272999954223633,
        "IoU.traffic light": 0.7262000274658204,
        "IoU.traffic sign": 0.7062000274658203,
        "IoU.vegetation": 0.8813999938964844,
        "IoU.terrain": 0.38470001220703126,
        "IoU.sky": 0.9769999694824218,
        "IoU.person": 0.6405000305175781,
        "IoU.rider": 0.31909999847412107,
        "IoU.car": 0.8443000030517578,
        "IoU.truck": 0.45689998626708983,
        "IoU.bus": 0.7816000366210938,
        "IoU.train": 0.6056000137329102,
        "IoU.motorcycle": 0.1784000015258789,
        "IoU.bicycle": 0.2453000068664551,
        "Acc.road": 0.9058999633789062,
        "Acc.sidewalk": 0.5497999954223632,
        "Acc.building": 0.9433000183105469,
        "Acc.wall": 0.3763000106811523,
        "Acc.fence": 0.35509998321533204,
        "Acc.pole": 0.6036999893188476,
        "Acc.traffic light": 0.7845999908447265,
        "Acc.traffic sign": 0.8544000244140625,
        "Acc.vegetation": 0.9597000122070313,
        "Acc.terrain": 0.7176000213623047,
        "Acc.sky": 0.9890000152587891,
        "Acc.person": 0.8811000061035156,
        "Acc.rider": 0.7875,
        "Acc.car": 0.9462000274658203,
        "Acc.truck": 0.8830999755859374,
        "Acc.bus": 0.8243000030517578,
        "Acc.train": 0.9270999908447266,
        "Acc.motorcycle": 0.6291999816894531,
        "Acc.bicycle": 0.7081999969482422
    }
}