{
    "config": "/home/sidd_s/Diffusion_conditional_prior_segmentation/DDP/segmentation/configs/acdcrain/ddp_convnext_l_4x4_1080x1920_test_acdcrain.py",
    "metric": {
        "aAcc": 0.8973,
        "mIoU": 0.5628,
        "mAcc": 0.7594,
        "IoU.road": 0.7577999877929688,
        "IoU.sidewalk": 0.39630001068115234,
        "IoU.building": 0.8543000030517578,
        "IoU.wall": 0.24870000839233397,
        "IoU.fence": 0.27360000610351565,
        "IoU.pole": 0.5356000137329101,
        "IoU.traffic light": 0.7118000030517578,
        "IoU.traffic sign": 0.7005000305175781,
        "IoU.vegetation": 0.8872000122070313,
        "IoU.terrain": 0.22940000534057617,
        "IoU.sky": 0.9784999847412109,
        "IoU.person": 0.5704999923706054,
        "IoU.rider": 0.412400016784668,
        "IoU.car": 0.8466999816894532,
        "IoU.truck": 0.37340000152587893,
        "IoU.bus": 0.7491999816894531,
        "IoU.train": 0.658499984741211,
        "IoU.motorcycle": 0.18129999160766602,
        "IoU.bicycle": 0.32729999542236327,
        "Acc.road": 0.8013999938964844,
        "Acc.sidewalk": 0.4315999984741211,
        "Acc.building": 0.9452999877929688,
        "Acc.wall": 0.38110000610351563,
        "Acc.fence": 0.33349998474121095,
        "Acc.pole": 0.6231000137329101,
        "Acc.traffic light": 0.7843000030517578,
        "Acc.traffic sign": 0.8545999908447266,
        "Acc.vegetation": 0.9648999786376953,
        "Acc.terrain": 0.7683000183105468,
        "Acc.sky": 0.9904000091552735,
        "Acc.person": 0.8983999633789063,
        "Acc.rider": 0.8587999725341797,
        "Acc.car": 0.9409999847412109,
        "Acc.truck": 0.8902999877929687,
        "Acc.bus": 0.7797000122070312,
        "Acc.train": 0.9212000274658203,
        "Acc.motorcycle": 0.7119000244140625,
        "Acc.bicycle": 0.5493000030517579
    }
}