{
    "config": "/home/sidd_s/Diffusion_conditional_prior_segmentation/DDP/segmentation/configs/cityscapes/ssd_convnext_l_4x4_512x1024_160k_cityscapes_retry.py",
    "metric": {
        "aAcc": 0.9692000000000001,
        "mIoU": 0.8341,
        "mAcc": 0.8946,
        "IoU.road": 0.9868000030517579,
        "IoU.sidewalk": 0.8893000030517578,
        "IoU.building": 0.9380000305175781,
        "IoU.wall": 0.587400016784668,
        "IoU.fence": 0.6941999816894531,
        "IoU.pole": 0.7231999969482422,
        "IoU.traffic light": 0.7658000183105469,
        "IoU.traffic sign": 0.8458000183105469,
        "IoU.vegetation": 0.9344000244140624,
        "IoU.terrain": 0.6788999938964844,
        "IoU.sky": 0.9558000183105468,
        "IoU.person": 0.8625,
        "IoU.rider": 0.6966000366210937,
        "IoU.car": 0.9643000030517578,
        "IoU.truck": 0.9076999664306641,
        "IoU.bus": 0.9373999786376953,
        "IoU.train": 0.8979000091552735,
        "IoU.motorcycle": 0.7602999877929687,
        "IoU.bicycle": 0.8213999938964843,
        "Acc.road": 0.9936000061035156,
        "Acc.sidewalk": 0.9412999725341797,
        "Acc.building": 0.9711000061035157,
        "Acc.wall": 0.6608999633789062,
        "Acc.fence": 0.7866000366210938,
        "Acc.pole": 0.8380000305175781,
        "Acc.traffic light": 0.8756999969482422,
        "Acc.traffic sign": 0.9123999786376953,
        "Acc.vegetation": 0.9694999694824219,
        "Acc.terrain": 0.7605000305175781,
        "Acc.sky": 0.9856999969482422,
        "Acc.person": 0.9315000152587891,
        "Acc.rider": 0.8087000274658203,
        "Acc.car": 0.9818000030517579,
        "Acc.truck": 0.9441000366210938,
        "Acc.bus": 0.9608999633789063,
        "Acc.train": 0.9230999755859375,
        "Acc.motorcycle": 0.8483999633789062,
        "Acc.bicycle": 0.9037999725341797
    }
}