{
    "config": "/home/sidd_s/Diffusion_conditional_prior_segmentation/DDP/segmentation/configs/acdcrain/ddp_convnext_l_4x4_1080x1920_test_acdcrain.py",
    "metric": {
        "aAcc": 0.9064,
        "mIoU": 0.5770000000000001,
        "mAcc": 0.7673000000000001,
        "IoU.road": 0.7926000213623047,
        "IoU.sidewalk": 0.4490999984741211,
        "IoU.building": 0.8569000244140625,
        "IoU.wall": 0.27040000915527346,
        "IoU.fence": 0.30840000152587893,
        "IoU.pole": 0.5347999954223632,
        "IoU.traffic light": 0.7218000030517578,
        "IoU.traffic sign": 0.7137000274658203,
        "IoU.vegetation": 0.8847000122070312,
        "IoU.terrain": 0.2738999938964844,
        "IoU.sky": 0.9780999755859375,
        "IoU.person": 0.5252999877929687,
        "IoU.rider": 0.482400016784668,
        "IoU.car": 0.8487999725341797,
        "IoU.truck": 0.3202000045776367,
        "IoU.bus": 0.7847000122070312,
        "IoU.train": 0.7237999725341797,
        "IoU.motorcycle": 0.1775,
        "IoU.bicycle": 0.3159000015258789,
        "Acc.road": 0.8416000366210937,
        "Acc.sidewalk": 0.4911000061035156,
        "Acc.building": 0.9320999908447266,
        "Acc.wall": 0.39740001678466796,
        "Acc.fence": 0.3491999816894531,
        "Acc.pole": 0.63,
        "Acc.traffic light": 0.8094000244140624,
        "Acc.traffic sign": 0.8706999969482422,
        "Acc.vegetation": 0.9705000305175782,
        "Acc.terrain": 0.7430999755859375,
        "Acc.sky": 0.9908000183105469,
        "Acc.person": 0.9033000183105468,
        "Acc.rider": 0.7858999633789062,
        "Acc.car": 0.9458000183105468,
        "Acc.truck": 0.8908999633789062,
        "Acc.bus": 0.8170999908447265,
        "Acc.train": 0.9195999908447265,
        "Acc.motorcycle": 0.7229000091552734,
        "Acc.bicycle": 0.5681999969482422
    }
}