{
    "config": "/home/sidd_s/Diffusion_conditional_prior_segmentation/DDP/segmentation/configs/acdcrain/ddp_convnext_l_4x4_1080x1920_test_acdcrain.py",
    "metric": {
        "aAcc": 0.9163,
        "mIoU": 0.5941,
        "mAcc": 0.7704000000000001,
        "IoU.road": 0.8641000366210938,
        "IoU.sidewalk": 0.4779000091552734,
        "IoU.building": 0.8452999877929688,
        "IoU.wall": 0.28100000381469725,
        "IoU.fence": 0.31409999847412107,
        "IoU.pole": 0.53,
        "IoU.traffic light": 0.7130000305175781,
        "IoU.traffic sign": 0.7130000305175781,
        "IoU.vegetation": 0.8880000305175781,
        "IoU.terrain": 0.34560001373291016,
        "IoU.sky": 0.9769000244140625,
        "IoU.person": 0.6462000274658203,
        "IoU.rider": 0.5358000183105469,
        "IoU.car": 0.836500015258789,
        "IoU.truck": 0.33130001068115233,
        "IoU.bus": 0.7630000305175781,
        "IoU.train": 0.6009000015258789,
        "IoU.motorcycle": 0.1997999954223633,
        "IoU.bicycle": 0.42630001068115236,
        "Acc.road": 0.9244000244140625,
        "Acc.sidewalk": 0.5272000122070313,
        "Acc.building": 0.9348000335693359,
        "Acc.wall": 0.40880001068115235,
        "Acc.fence": 0.3431999969482422,
        "Acc.pole": 0.6075,
        "Acc.traffic light": 0.7688999938964843,
        "Acc.traffic sign": 0.8451999664306641,
        "Acc.vegetation": 0.9573999786376953,
        "Acc.terrain": 0.735999984741211,
        "Acc.sky": 0.9898999786376953,
        "Acc.person": 0.8751999664306641,
        "Acc.rider": 0.8151000213623046,
        "Acc.car": 0.9436000061035156,
        "Acc.truck": 0.8862000274658203,
        "Acc.bus": 0.8040000152587891,
        "Acc.train": 0.9138999938964844,
        "Acc.motorcycle": 0.6327999877929688,
        "Acc.bicycle": 0.7233999633789062
    }
}