{
    "config": "/home/sidd_s/Diffusion_conditional_prior_segmentation/DDP/segmentation/configs/acdcrain/ddp_convnext_l_4x4_1080x1920_test_acdcrain.py",
    "metric": {
        "aAcc": 0.9161,
        "mIoU": 0.5784,
        "mAcc": 0.7702,
        "IoU.road": 0.8483999633789062,
        "IoU.sidewalk": 0.4968000030517578,
        "IoU.building": 0.8516999816894532,
        "IoU.wall": 0.25760000228881835,
        "IoU.fence": 0.2859000015258789,
        "IoU.pole": 0.5288999938964843,
        "IoU.traffic light": 0.7298999786376953,
        "IoU.traffic sign": 0.7008000183105468,
        "IoU.vegetation": 0.885,
        "IoU.terrain": 0.37189998626708987,
        "IoU.sky": 0.9766999816894532,
        "IoU.person": 0.6402999877929687,
        "IoU.rider": 0.29889999389648436,
        "IoU.car": 0.8441000366210938,
        "IoU.truck": 0.41439998626708985,
        "IoU.bus": 0.7894000244140625,
        "IoU.train": 0.6390999984741211,
        "IoU.motorcycle": 0.18920000076293944,
        "IoU.bicycle": 0.23979999542236327,
        "Acc.road": 0.9041999816894531,
        "Acc.sidewalk": 0.5465999984741211,
        "Acc.building": 0.9433999633789063,
        "Acc.wall": 0.36840000152587893,
        "Acc.fence": 0.3618000030517578,
        "Acc.pole": 0.6063999938964844,
        "Acc.traffic light": 0.7915000152587891,
        "Acc.traffic sign": 0.8563999938964844,
        "Acc.vegetation": 0.9601999664306641,
        "Acc.terrain": 0.7230999755859375,
        "Acc.sky": 0.9887999725341797,
        "Acc.person": 0.8843000030517578,
        "Acc.rider": 0.7716999816894531,
        "Acc.car": 0.9462999725341796,
        "Acc.truck": 0.8809999847412109,
        "Acc.bus": 0.8319999694824218,
        "Acc.train": 0.9225,
        "Acc.motorcycle": 0.6379999923706055,
        "Acc.bicycle": 0.7069999694824218
    }
}