{
    "config": "/home/sidd_s/Diffusion_conditional_prior_segmentation/DDP/segmentation/configs/acdcrain/ddp_convnext_l_4x4_1080x1920_test_acdcrain.py",
    "metric": {
        "aAcc": 0.9134,
        "mIoU": 0.5778,
        "mAcc": 0.7706999999999999,
        "IoU.road": 0.8341000366210938,
        "IoU.sidewalk": 0.45689998626708983,
        "IoU.building": 0.8513999938964844,
        "IoU.wall": 0.2755999946594238,
        "IoU.fence": 0.2879999923706055,
        "IoU.pole": 0.523499984741211,
        "IoU.traffic light": 0.7295999908447266,
        "IoU.traffic sign": 0.6987000274658203,
        "IoU.vegetation": 0.8862000274658203,
        "IoU.terrain": 0.3579000091552734,
        "IoU.sky": 0.9768000030517578,
        "IoU.person": 0.6133000183105469,
        "IoU.rider": 0.3245000076293945,
        "IoU.car": 0.842699966430664,
        "IoU.truck": 0.4393000030517578,
        "IoU.bus": 0.787300033569336,
        "IoU.train": 0.6927999877929687,
        "IoU.motorcycle": 0.16559999465942382,
        "IoU.bicycle": 0.2336000061035156,
        "Acc.road": 0.8991000366210937,
        "Acc.sidewalk": 0.49790000915527344,
        "Acc.building": 0.9441999816894531,
        "Acc.wall": 0.39669998168945314,
        "Acc.fence": 0.37139999389648437,
        "Acc.pole": 0.605999984741211,
        "Acc.traffic light": 0.7926000213623047,
        "Acc.traffic sign": 0.8583999633789062,
        "Acc.vegetation": 0.9598999786376953,
        "Acc.terrain": 0.7284999847412109,
        "Acc.sky": 0.9890000152587891,
        "Acc.person": 0.8972000122070313,
        "Acc.rider": 0.755,
        "Acc.car": 0.9452999877929688,
        "Acc.truck": 0.8805000305175781,
        "Acc.bus": 0.832699966430664,
        "Acc.train": 0.917300033569336,
        "Acc.motorcycle": 0.6644000244140625,
        "Acc.bicycle": 0.7066999816894531
    }
}