{
    "config": "/home/sidd_s/Diffusion_conditional_prior_segmentation/DDP/segmentation/configs/acdcrain/ddp_convnext_l_4x4_1080x1920_test_acdcrain.py",
    "metric": {
        "aAcc": 0.9159999999999999,
        "mIoU": 0.5820000000000001,
        "mAcc": 0.769,
        "IoU.road": 0.849800033569336,
        "IoU.sidewalk": 0.4958000183105469,
        "IoU.building": 0.8494999694824219,
        "IoU.wall": 0.24329999923706055,
        "IoU.fence": 0.286299991607666,
        "IoU.pole": 0.5288000106811523,
        "IoU.traffic light": 0.7248999786376953,
        "IoU.traffic sign": 0.7111000061035156,
        "IoU.vegetation": 0.8848000335693359,
        "IoU.terrain": 0.3777000045776367,
        "IoU.sky": 0.9769999694824218,
        "IoU.person": 0.6377999877929688,
        "IoU.rider": 0.3756999969482422,
        "IoU.car": 0.8436000061035156,
        "IoU.truck": 0.44229999542236326,
        "IoU.bus": 0.7844999694824218,
        "IoU.train": 0.6175,
        "IoU.motorcycle": 0.1803000068664551,
        "IoU.bicycle": 0.24649999618530274,
        "Acc.road": 0.9062999725341797,
        "Acc.sidewalk": 0.5436999893188477,
        "Acc.building": 0.9440000152587891,
        "Acc.wall": 0.36639999389648437,
        "Acc.fence": 0.3647999954223633,
        "Acc.pole": 0.6040000152587891,
        "Acc.traffic light": 0.7791000366210937,
        "Acc.traffic sign": 0.8540000152587891,
        "Acc.vegetation": 0.9577999877929687,
        "Acc.terrain": 0.7230999755859375,
        "Acc.sky": 0.9895999908447266,
        "Acc.person": 0.8855999755859375,
        "Acc.rider": 0.7606999969482422,
        "Acc.car": 0.9493000030517578,
        "Acc.truck": 0.8823999786376953,
        "Acc.bus": 0.8287999725341797,
        "Acc.train": 0.9202999877929687,
        "Acc.motorcycle": 0.6347999954223633,
        "Acc.bicycle": 0.7166999816894531
    }
}