{
    "config": "/home/sidd_s/Diffusion_conditional_prior_segmentation/DDP/segmentation/configs/acdcrain/ddp_convnext_l_4x4_1080x1920_test_acdcrain.py",
    "metric": {
        "aAcc": 0.9085,
        "mIoU": 0.5895,
        "mAcc": 0.7698,
        "IoU.road": 0.8023999786376953,
        "IoU.sidewalk": 0.47650001525878904,
        "IoU.building": 0.8530999755859375,
        "IoU.wall": 0.28989999771118163,
        "IoU.fence": 0.27280000686645506,
        "IoU.pole": 0.5220999908447266,
        "IoU.traffic light": 0.7313999938964844,
        "IoU.traffic sign": 0.7297000122070313,
        "IoU.vegetation": 0.8712000274658203,
        "IoU.terrain": 0.33169998168945314,
        "IoU.sky": 0.9769000244140625,
        "IoU.person": 0.6254999923706055,
        "IoU.rider": 0.42069999694824217,
        "IoU.car": 0.8468000030517578,
        "IoU.truck": 0.47130001068115235,
        "IoU.bus": 0.7904000091552734,
        "IoU.train": 0.7897000122070312,
        "IoU.motorcycle": 0.16239999771118163,
        "IoU.bicycle": 0.2359000015258789,
        "Acc.road": 0.8441999816894531,
        "Acc.sidewalk": 0.5483000183105469,
        "Acc.building": 0.9508000183105468,
        "Acc.wall": 0.38610000610351564,
        "Acc.fence": 0.33669998168945314,
        "Acc.pole": 0.6204999923706055,
        "Acc.traffic light": 0.8011000061035156,
        "Acc.traffic sign": 0.8540000152587891,
        "Acc.vegetation": 0.9598999786376953,
        "Acc.terrain": 0.7345999908447266,
        "Acc.sky": 0.9891999816894531,
        "Acc.person": 0.8983000183105468,
        "Acc.rider": 0.7638999938964843,
        "Acc.car": 0.9395999908447266,
        "Acc.truck": 0.8776999664306641,
        "Acc.bus": 0.8322000122070312,
        "Acc.train": 0.8980999755859375,
        "Acc.motorcycle": 0.6944000244140625,
        "Acc.bicycle": 0.6975
    }
}