{
    "config": "/home/sidd_s/Diffusion_conditional_prior_segmentation/DDP/segmentation/configs/cityscapesrainy/ddp_convnext_l_4x4_1024x2048_test_cityscapesrainy.py",
    "metric": {
        "aAcc": 0.9595,
        "mIoU": 0.7777,
        "mAcc": 0.8304,
        "IoU.road": 0.9887999725341797,
        "IoU.sidewalk": 0.8818000030517578,
        "IoU.building": 0.8737000274658203,
        "IoU.wall": 0.3579000091552734,
        "IoU.fence": 0.5393000030517578,
        "IoU.pole": 0.6405000305175781,
        "IoU.traffic light": 0.7966000366210938,
        "IoU.traffic sign": 0.8658000183105469,
        "IoU.vegetation": 0.8943000030517578,
        "IoU.terrain": 0.7594000244140625,
        "IoU.sky": 0.9541999816894531,
        "IoU.person": 0.8187999725341797,
        "IoU.rider": 0.7465000152587891,
        "IoU.car": 0.9505000305175781,
        "IoU.truck": 0.5113999938964844,
        "IoU.bus": 0.9494999694824219,
        "IoU.train": NaN,
        "IoU.motorcycle": 0.6238999938964844,
        "IoU.bicycle": 0.8456999969482422,
        "Acc.road": 0.9970999908447266,
        "Acc.sidewalk": 0.918499984741211,
        "Acc.building": 0.9720999908447265,
        "Acc.wall": 0.382599983215332,
        "Acc.fence": 0.6947000122070313,
        "Acc.pole": 0.7294000244140625,
        "Acc.traffic light": 0.8687999725341797,
        "Acc.traffic sign": 0.905,
        "Acc.vegetation": 0.9212000274658203,
        "Acc.terrain": 0.8154000091552734,
        "Acc.sky": 0.9756999969482422,
        "Acc.person": 0.8651000213623047,
        "Acc.rider": 0.8633000183105469,
        "Acc.car": 0.9729000091552734,
        "Acc.truck": 0.5152000045776367,
        "Acc.bus": 0.9669999694824218,
        "Acc.train": NaN,
        "Acc.motorcycle": 0.6633999633789063,
        "Acc.bicycle": 0.9194000244140625
    }
}