{
    "config": "/home/sidd_s/Diffusion_conditional_prior_segmentation/DDP/segmentation/configs/cityscapesrainy/ddp_convnext_l_4x4_1024x2048_test_cityscapesrainy.py",
    "metric": {
        "aAcc": 0.9605,
        "mIoU": 0.7951999999999999,
        "mAcc": 0.8454999999999999,
        "IoU.road": 0.9894999694824219,
        "IoU.sidewalk": 0.885199966430664,
        "IoU.building": 0.8744000244140625,
        "IoU.wall": 0.6944999694824219,
        "IoU.fence": 0.6243000030517578,
        "IoU.pole": 0.6444999694824218,
        "IoU.traffic light": 0.7704000091552734,
        "IoU.traffic sign": 0.8651999664306641,
        "IoU.vegetation": 0.8997000122070312,
        "IoU.terrain": 0.7756999969482422,
        "IoU.sky": 0.9161000061035156,
        "IoU.person": 0.8122000122070312,
        "IoU.rider": 0.7452999877929688,
        "IoU.car": 0.949800033569336,
        "IoU.truck": 0.4640000152587891,
        "IoU.bus": 0.9456999969482421,
        "IoU.train": NaN,
        "IoU.motorcycle": 0.615,
        "IoU.bicycle": 0.8423000335693359,
        "Acc.road": 0.995999984741211,
        "Acc.sidewalk": 0.9227999877929688,
        "Acc.building": 0.97,
        "Acc.wall": 0.7418000030517579,
        "Acc.fence": 0.6773999786376953,
        "Acc.pole": 0.7354000091552735,
        "Acc.traffic light": 0.8387999725341797,
        "Acc.traffic sign": 0.9045999908447265,
        "Acc.vegetation": 0.9312999725341797,
        "Acc.terrain": 0.8191999816894531,
        "Acc.sky": 0.9377999877929688,
        "Acc.person": 0.8573999786376953,
        "Acc.rider": 0.8725,
        "Acc.car": 0.9695999908447266,
        "Acc.truck": 0.4958000183105469,
        "Acc.bus": 0.9662999725341797,
        "Acc.train": NaN,
        "Acc.motorcycle": 0.6676999664306641,
        "Acc.bicycle": 0.9148999786376953
    }
}