{
    "config": "/home/sidd_s/Diffusion_conditional_prior_segmentation/DDP/segmentation/configs/cityscapesrainy/ddp_convnext_l_4x4_1024x2048_test_cityscapesrainy.py",
    "metric": {
        "aAcc": 0.9677,
        "mIoU": 0.8138,
        "mAcc": 0.8712000000000001,
        "IoU.road": 0.9922000122070312,
        "IoU.sidewalk": 0.9025,
        "IoU.building": 0.903499984741211,
        "IoU.wall": 0.6683000183105469,
        "IoU.fence": 0.5509999847412109,
        "IoU.pole": 0.6558999633789062,
        "IoU.traffic light": 0.8158999633789062,
        "IoU.traffic sign": 0.8748999786376953,
        "IoU.vegetation": 0.9152999877929687,
        "IoU.terrain": 0.7706999969482422,
        "IoU.sky": 0.9602999877929688,
        "IoU.person": 0.832699966430664,
        "IoU.rider": 0.75,
        "IoU.car": 0.9558999633789063,
        "IoU.truck": 0.6327999877929688,
        "IoU.bus": 0.9569000244140625,
        "IoU.train": NaN,
        "IoU.motorcycle": 0.6545999908447265,
        "IoU.bicycle": 0.8555000305175782,
        "Acc.road": 0.9973999786376954,
        "Acc.sidewalk": 0.9398999786376954,
        "Acc.building": 0.9723999786376953,
        "Acc.wall": 0.736500015258789,
        "Acc.fence": 0.7272000122070312,
        "Acc.pole": 0.7494000244140625,
        "Acc.traffic light": 0.8920999908447266,
        "Acc.traffic sign": 0.9138999938964844,
        "Acc.vegetation": 0.9413999938964843,
        "Acc.terrain": 0.8275,
        "Acc.sky": 0.9797000122070313,
        "Acc.person": 0.8830000305175781,
        "Acc.rider": 0.8675,
        "Acc.car": 0.9775,
        "Acc.truck": 0.6375999832153321,
        "Acc.bus": 0.9712000274658203,
        "Acc.train": NaN,
        "Acc.motorcycle": 0.735999984741211,
        "Acc.bicycle": 0.9315000152587891
    }
}