{
    "config": "configs/darkzurich/ddp_convnext_l_4x4_1080x1920_test_darkzurich.py",
    "metric": {
        "aAcc": 0.6978,
        "mIoU": 0.32299999999999995,
        "mAcc": 0.4718,
        "IoU.road": 0.7656999969482422,
        "IoU.sidewalk": 0.4702999877929688,
        "IoU.building": 0.5590999984741211,
        "IoU.wall": 0.10619999885559082,
        "IoU.fence": 0.44060001373291013,
        "IoU.pole": 0.35529998779296873,
        "IoU.traffic light": 0.4854000091552734,
        "IoU.traffic sign": 0.2951000022888184,
        "IoU.vegetation": 0.49029998779296874,
        "IoU.terrain": 0.18469999313354493,
        "IoU.sky": 0.4127000045776367,
        "IoU.person": 0.26530000686645505,
        "IoU.rider": 0.3270000076293945,
        "IoU.car": 0.47830001831054686,
        "IoU.truck": 0.0,
        "IoU.bus": 0.0,
        "IoU.train": 0.0,
        "IoU.motorcycle": 0.17530000686645508,
        "IoU.bicycle": 0.3259000015258789,
        "Acc.road": 0.974800033569336,
        "Acc.sidewalk": 0.5411000061035156,
        "Acc.building": 0.9133000183105469,
        "Acc.wall": 0.11,
        "Acc.fence": 0.5033000183105468,
        "Acc.pole": 0.48270000457763673,
        "Acc.traffic light": 0.6598000335693359,
        "Acc.traffic sign": 0.3325,
        "Acc.vegetation": 0.6712000274658203,
        "Acc.terrain": 0.2905999946594238,
        "Acc.sky": 0.42650001525878906,
        "Acc.person": 0.3838000106811523,
        "Acc.rider": 0.42540000915527343,
        "Acc.car": 0.7433999633789062,
        "Acc.truck": NaN,
        "Acc.bus": NaN,
        "Acc.train": 0.0,
        "Acc.motorcycle": 0.195,
        "Acc.bicycle": 0.36790000915527343
    }
}