{
    "config": "configs/darkzurich/ddp_convnext_l_4x4_1080x1920_test_darkzurich.py",
    "metric": {
        "aAcc": 0.6093999999999999,
        "mIoU": 0.3045,
        "mAcc": 0.4585,
        "IoU.road": 0.5190999984741211,
        "IoU.sidewalk": 0.47169998168945315,
        "IoU.building": 0.6570999908447266,
        "IoU.wall": 0.04929999828338623,
        "IoU.fence": 0.48259998321533204,
        "IoU.pole": 0.3525,
        "IoU.traffic light": 0.4881000137329102,
        "IoU.traffic sign": 0.24770000457763672,
        "IoU.vegetation": 0.4690999984741211,
        "IoU.terrain": 0.23829999923706055,
        "IoU.sky": 0.04179999828338623,
        "IoU.person": 0.24700000762939453,
        "IoU.rider": 0.3365999984741211,
        "IoU.car": 0.7069999694824218,
        "IoU.truck": 0.0,
        "IoU.bus": 0.0,
        "IoU.train": 0.0,
        "IoU.motorcycle": 0.18989999771118163,
        "IoU.bicycle": 0.28850000381469726,
        "Acc.road": 0.9751000213623047,
        "Acc.sidewalk": 0.5165999984741211,
        "Acc.building": 0.8676000213623047,
        "Acc.wall": 0.052100000381469724,
        "Acc.fence": 0.5813999938964843,
        "Acc.pole": 0.47950000762939454,
        "Acc.traffic light": 0.6309999847412109,
        "Acc.traffic sign": 0.2684000015258789,
        "Acc.vegetation": 0.7358000183105469,
        "Acc.terrain": 0.44720001220703126,
        "Acc.sky": 0.04190000057220459,
        "Acc.person": 0.3566999816894531,
        "Acc.rider": 0.4443999862670898,
        "Acc.car": 0.8593000030517578,
        "Acc.truck": NaN,
        "Acc.bus": NaN,
        "Acc.train": 0.0,
        "Acc.motorcycle": 0.21219999313354493,
        "Acc.bicycle": 0.32470001220703126
    }
}