{
    "config": "configs/darkzurich/ddp_convnext_l_4x4_1080x1920_test_darkzurich.py",
    "metric": {
        "aAcc": 0.718,
        "mIoU": 0.3469,
        "mAcc": 0.4993,
        "IoU.road": 0.8248999786376953,
        "IoU.sidewalk": 0.6397999954223633,
        "IoU.building": 0.5763999938964843,
        "IoU.wall": 0.1356999969482422,
        "IoU.fence": 0.452599983215332,
        "IoU.pole": 0.37340000152587893,
        "IoU.traffic light": 0.517400016784668,
        "IoU.traffic sign": 0.3009000015258789,
        "IoU.vegetation": 0.6613999938964844,
        "IoU.terrain": 0.30870000839233397,
        "IoU.sky": 0.21200000762939453,
        "IoU.person": 0.31079999923706053,
        "IoU.rider": 0.32240001678466795,
        "IoU.car": 0.4647000122070313,
        "IoU.truck": 0.0,
        "IoU.bus": 0.0,
        "IoU.train": 0.0,
        "IoU.motorcycle": 0.16139999389648438,
        "IoU.bicycle": 0.32880001068115233,
        "Acc.road": 0.984800033569336,
        "Acc.sidewalk": 0.7395999908447266,
        "Acc.building": 0.9661000061035157,
        "Acc.wall": 0.1434000015258789,
        "Acc.fence": 0.49790000915527344,
        "Acc.pole": 0.5127000045776368,
        "Acc.traffic light": 0.6381999969482421,
        "Acc.traffic sign": 0.33599998474121096,
        "Acc.vegetation": 0.9236000061035157,
        "Acc.terrain": 0.3397000122070313,
        "Acc.sky": 0.21229999542236327,
        "Acc.person": 0.42470001220703124,
        "Acc.rider": 0.43189998626708986,
        "Acc.car": 0.7880999755859375,
        "Acc.truck": NaN,
        "Acc.bus": NaN,
        "Acc.train": 0.0,
        "Acc.motorcycle": 0.1784000015258789,
        "Acc.bicycle": 0.37
    }
}