{
    "config": "configs/darkzurich/ddp_convnext_l_4x4_1080x1920_test_darkzurich.py",
    "metric": {
        "aAcc": 0.6359,
        "mIoU": 0.3007,
        "mAcc": 0.457,
        "IoU.road": 0.8730000305175781,
        "IoU.sidewalk": 0.48080001831054686,
        "IoU.building": 0.5265999984741211,
        "IoU.wall": 0.09319999694824219,
        "IoU.fence": 0.4559000015258789,
        "IoU.pole": 0.2865999984741211,
        "IoU.traffic light": 0.47580001831054686,
        "IoU.traffic sign": 0.28780000686645507,
        "IoU.vegetation": 0.44299999237060544,
        "IoU.terrain": 0.2459000015258789,
        "IoU.sky": 0.04670000076293945,
        "IoU.person": 0.2465999984741211,
        "IoU.rider": 0.2868000030517578,
        "IoU.car": 0.6122999954223632,
        "IoU.truck": 0.0,
        "IoU.bus": 0.0,
        "IoU.train": 0.0,
        "IoU.motorcycle": 0.15949999809265136,
        "IoU.bicycle": 0.19260000228881835,
        "Acc.road": 0.9740000152587891,
        "Acc.sidewalk": 0.5375,
        "Acc.building": 0.900199966430664,
        "Acc.wall": 0.10260000228881835,
        "Acc.fence": 0.5575,
        "Acc.pole": 0.3647999954223633,
        "Acc.traffic light": 0.7673999786376953,
        "Acc.traffic sign": 0.33029998779296876,
        "Acc.vegetation": 0.8422000122070312,
        "Acc.terrain": 0.49,
        "Acc.sky": 0.04670000076293945,
        "Acc.person": 0.3443000030517578,
        "Acc.rider": 0.39290000915527346,
        "Acc.car": 0.7376000213623047,
        "Acc.truck": NaN,
        "Acc.bus": NaN,
        "Acc.train": 0.0,
        "Acc.motorcycle": 0.17950000762939453,
        "Acc.bicycle": 0.20190000534057617
    }
}