{
    "config": "configs/darkzurich/ddp_convnext_l_4x4_1080x1920_test_darkzurich.py",
    "metric": {
        "aAcc": 0.5966,
        "mIoU": 0.2872,
        "mAcc": 0.43450000000000005,
        "IoU.road": 0.8122000122070312,
        "IoU.sidewalk": 0.4161000061035156,
        "IoU.building": 0.4056999969482422,
        "IoU.wall": 0.11869999885559082,
        "IoU.fence": 0.43389999389648437,
        "IoU.pole": 0.2957999992370606,
        "IoU.traffic light": 0.4640999984741211,
        "IoU.traffic sign": 0.2989999961853027,
        "IoU.vegetation": 0.4118000030517578,
        "IoU.terrain": 0.2770999908447266,
        "IoU.sky": 0.10010000228881837,
        "IoU.person": 0.2706999969482422,
        "IoU.rider": 0.135600004196167,
        "IoU.car": 0.4765999984741211,
        "IoU.truck": 0.0,
        "IoU.bus": 0.0,
        "IoU.train": 0.0,
        "IoU.motorcycle": 0.15449999809265136,
        "IoU.bicycle": 0.3838999938964844,
        "Acc.road": 0.9748999786376953,
        "Acc.sidewalk": 0.5220999908447266,
        "Acc.building": 0.9579000091552734,
        "Acc.wall": 0.12420000076293945,
        "Acc.fence": 0.4918000030517578,
        "Acc.pole": 0.45880001068115234,
        "Acc.traffic light": 0.6352000045776367,
        "Acc.traffic sign": 0.34380001068115235,
        "Acc.vegetation": 0.465099983215332,
        "Acc.terrain": 0.33560001373291015,
        "Acc.sky": 0.10100000381469726,
        "Acc.person": 0.39689998626708983,
        "Acc.rider": 0.1775,
        "Acc.car": 0.7476000213623046,
        "Acc.truck": NaN,
        "Acc.bus": NaN,
        "Acc.train": 0.0,
        "Acc.motorcycle": 0.21729999542236328,
        "Acc.bicycle": 0.43599998474121093
    }
}