{
    "config": "configs/darkzurich/ddp_convnext_l_4x4_1080x1920_test_darkzurich.py",
    "metric": {
        "aAcc": 0.6748999999999999,
        "mIoU": 0.3343,
        "mAcc": 0.4867,
        "IoU.road": 0.8726000213623046,
        "IoU.sidewalk": 0.6093000030517578,
        "IoU.building": 0.6873999786376953,
        "IoU.wall": 0.12239999771118164,
        "IoU.fence": 0.45290000915527345,
        "IoU.pole": 0.3920000076293945,
        "IoU.traffic light": 0.5352999877929687,
        "IoU.traffic sign": 0.278700008392334,
        "IoU.vegetation": 0.42880001068115237,
        "IoU.terrain": 0.23190000534057617,
        "IoU.sky": 0.06519999980926514,
        "IoU.person": 0.30510000228881834,
        "IoU.rider": 0.3340999984741211,
        "IoU.car": 0.5475,
        "IoU.truck": 0.0,
        "IoU.bus": 0.0,
        "IoU.train": 0.0,
        "IoU.motorcycle": 0.15939999580383302,
        "IoU.bicycle": 0.330099983215332,
        "Acc.road": 0.9841000366210938,
        "Acc.sidewalk": 0.7280999755859375,
        "Acc.building": 0.9256999969482422,
        "Acc.wall": 0.13010000228881835,
        "Acc.fence": 0.4925,
        "Acc.pole": 0.5613000106811523,
        "Acc.traffic light": 0.6683000183105469,
        "Acc.traffic sign": 0.30809999465942384,
        "Acc.vegetation": 0.9404000091552734,
        "Acc.terrain": 0.25170000076293947,
        "Acc.sky": 0.0653000020980835,
        "Acc.person": 0.4109999847412109,
        "Acc.rider": 0.4231000137329102,
        "Acc.car": 0.8504000091552735,
        "Acc.truck": NaN,
        "Acc.bus": NaN,
        "Acc.train": 0.0,
        "Acc.motorcycle": 0.17290000915527343,
        "Acc.bicycle": 0.36150001525878905
    }
}