{
    "config": "configs/darkzurich/ddp_convnext_l_4x4_1080x1920_test_darkzurich.py",
    "metric": {
        "aAcc": 0.6605,
        "mIoU": 0.1496,
        "mAcc": 0.2249,
        "IoU.road": 0.6730000305175782,
        "IoU.sidewalk": 0.21860000610351563,
        "IoU.building": 0.5125999832153321,
        "IoU.wall": 0.11109999656677245,
        "IoU.fence": 0.11130000114440917,
        "IoU.pole": 0.00800000011920929,
        "IoU.traffic light": 0.0,
        "IoU.traffic sign": 0.01309999942779541,
        "IoU.vegetation": 0.4490000152587891,
        "IoU.terrain": 0.03920000076293945,
        "IoU.sky": 0.6726999664306641,
        "IoU.person": 0.0,
        "IoU.rider": 0.0,
        "IoU.car": 0.03410000085830688,
        "IoU.truck": 0.0,
        "IoU.bus": 0.0,
        "IoU.train": 0.0,
        "IoU.motorcycle": 0.0,
        "IoU.bicycle": 0.0,
        "Acc.road": 0.9847000122070313,
        "Acc.sidewalk": 0.3675,
        "Acc.building": 0.6648999786376953,
        "Acc.wall": 0.15079999923706056,
        "Acc.fence": 0.15399999618530275,
        "Acc.pole": 0.016399999856948854,
        "Acc.traffic light": 0.0,
        "Acc.traffic sign": 0.024200000762939454,
        "Acc.vegetation": 0.6027000045776367,
        "Acc.terrain": 0.07809999942779541,
        "Acc.sky": 0.6841000366210938,
        "Acc.person": 0.0,
        "Acc.rider": 0.0,
        "Acc.car": 0.09539999961853027,
        "Acc.truck": NaN,
        "Acc.bus": NaN,
        "Acc.train": 0.0,
        "Acc.motorcycle": 0.0,
        "Acc.bicycle": 0.0
    }
}