{
    "config": "configs/darkzurich/ddp_convnext_l_4x4_1080x1920_test_darkzurich.py",
    "metric": {
        "aAcc": 0.6993,
        "mIoU": 0.3354,
        "mAcc": 0.48119999999999996,
        "IoU.road": 0.7969000244140625,
        "IoU.sidewalk": 0.49259998321533205,
        "IoU.building": 0.712699966430664,
        "IoU.wall": 0.08899999618530273,
        "IoU.fence": 0.41639999389648436,
        "IoU.pole": 0.36389999389648436,
        "IoU.traffic light": 0.557599983215332,
        "IoU.traffic sign": 0.25610000610351563,
        "IoU.vegetation": 0.4125,
        "IoU.terrain": 0.28850000381469726,
        "IoU.sky": 0.35,
        "IoU.person": 0.24260000228881837,
        "IoU.rider": 0.34650001525878904,
        "IoU.car": 0.6356999969482422,
        "IoU.truck": 0.0,
        "IoU.bus": 0.0,
        "IoU.train": 0.0,
        "IoU.motorcycle": 0.15720000267028808,
        "IoU.bicycle": 0.2552000045776367,
        "Acc.road": 0.9748999786376953,
        "Acc.sidewalk": 0.5722999954223633,
        "Acc.building": 0.8455000305175782,
        "Acc.wall": 0.1015999984741211,
        "Acc.fence": 0.44619998931884763,
        "Acc.pole": 0.5615999984741211,
        "Acc.traffic light": 0.624900016784668,
        "Acc.traffic sign": 0.2788999938964844,
        "Acc.vegetation": 0.8498999786376953,
        "Acc.terrain": 0.44849998474121094,
        "Acc.sky": 0.3591999816894531,
        "Acc.person": 0.3715999984741211,
        "Acc.rider": 0.4627000045776367,
        "Acc.car": 0.8306999969482421,
        "Acc.truck": NaN,
        "Acc.bus": NaN,
        "Acc.train": 0.0,
        "Acc.motorcycle": 0.17309999465942383,
        "Acc.bicycle": 0.27899999618530275
    }
}