{
    "config": "configs/darkzurich/ddp_convnext_l_4x4_1080x1920_test_darkzurich.py",
    "metric": {
        "aAcc": 0.6878,
        "mIoU": 0.3331,
        "mAcc": 0.5022,
        "IoU.road": 0.8701999664306641,
        "IoU.sidewalk": 0.620999984741211,
        "IoU.building": 0.6897000122070313,
        "IoU.wall": 0.21639999389648437,
        "IoU.fence": 0.46130001068115234,
        "IoU.pole": 0.38990001678466796,
        "IoU.traffic light": 0.4236000061035156,
        "IoU.traffic sign": 0.2978000068664551,
        "IoU.vegetation": 0.4427000045776367,
        "IoU.terrain": 0.2265999984741211,
        "IoU.sky": 0.12949999809265136,
        "IoU.person": 0.3009000015258789,
        "IoU.rider": 0.32360000610351564,
        "IoU.car": 0.4172999954223633,
        "IoU.truck": 0.0,
        "IoU.bus": 0.0,
        "IoU.train": 0.0,
        "IoU.motorcycle": 0.17149999618530273,
        "IoU.bicycle": 0.34720001220703123,
        "Acc.road": 0.9740000152587891,
        "Acc.sidewalk": 0.7312000274658204,
        "Acc.building": 0.9143000030517578,
        "Acc.wall": 0.241200008392334,
        "Acc.fence": 0.5266999816894531,
        "Acc.pole": 0.5652000045776367,
        "Acc.traffic light": 0.6930999755859375,
        "Acc.traffic sign": 0.3427999877929688,
        "Acc.vegetation": 0.9311000061035156,
        "Acc.terrain": 0.25510000228881835,
        "Acc.sky": 0.130600004196167,
        "Acc.person": 0.43340000152587893,
        "Acc.rider": 0.40669998168945315,
        "Acc.car": 0.7891000366210937,
        "Acc.truck": NaN,
        "Acc.bus": NaN,
        "Acc.train": 0.0,
        "Acc.motorcycle": 0.19450000762939454,
        "Acc.bicycle": 0.40759998321533203
    }
}