{
    "config": "configs/darkzurich/ddp_convnext_l_4x4_1080x1920_test_darkzurich.py",
    "metric": {
        "aAcc": 0.6658,
        "mIoU": 0.3107,
        "mAcc": 0.4596,
        "IoU.road": 0.8001000213623047,
        "IoU.sidewalk": 0.48319999694824217,
        "IoU.building": 0.5120000076293946,
        "IoU.wall": 0.0746999979019165,
        "IoU.fence": 0.44009998321533206,
        "IoU.pole": 0.3134000015258789,
        "IoU.traffic light": 0.4822999954223633,
        "IoU.traffic sign": 0.2879000091552734,
        "IoU.vegetation": 0.5018000030517578,
        "IoU.terrain": 0.1981999969482422,
        "IoU.sky": 0.233799991607666,
        "IoU.person": 0.27530000686645506,
        "IoU.rider": 0.3234000015258789,
        "IoU.car": 0.4911000061035156,
        "IoU.truck": 0.0,
        "IoU.bus": 0.0,
        "IoU.train": 0.0,
        "IoU.motorcycle": 0.16280000686645507,
        "IoU.bicycle": 0.32310001373291014,
        "Acc.road": 0.976500015258789,
        "Acc.sidewalk": 0.5554999923706054,
        "Acc.building": 0.9205999755859375,
        "Acc.wall": 0.07579999923706054,
        "Acc.fence": 0.49779998779296875,
        "Acc.pole": 0.42759998321533205,
        "Acc.traffic light": 0.6456999969482422,
        "Acc.traffic sign": 0.3245000076293945,
        "Acc.vegetation": 0.7412999725341797,
        "Acc.terrain": 0.2677000045776367,
        "Acc.sky": 0.23739999771118164,
        "Acc.person": 0.42069999694824217,
        "Acc.rider": 0.4365999984741211,
        "Acc.car": 0.7361000061035157,
        "Acc.truck": NaN,
        "Acc.bus": NaN,
        "Acc.train": 0.0,
        "Acc.motorcycle": 0.18549999237060547,
        "Acc.bicycle": 0.3634000015258789
    }
}