{
    "config": "configs/darkzurich/ddp_convnext_l_4x4_1080x1920_test_darkzurich.py",
    "metric": {
        "aAcc": 0.6746,
        "mIoU": 0.331,
        "mAcc": 0.4841,
        "IoU.road": 0.8687999725341797,
        "IoU.sidewalk": 0.6036000061035156,
        "IoU.building": 0.6833999633789063,
        "IoU.wall": 0.12800000190734864,
        "IoU.fence": 0.4477000045776367,
        "IoU.pole": 0.3995000076293945,
        "IoU.traffic light": 0.5336000061035157,
        "IoU.traffic sign": 0.28100000381469725,
        "IoU.vegetation": 0.4308000183105469,
        "IoU.terrain": 0.2297999954223633,
        "IoU.sky": 0.07150000095367431,
        "IoU.person": 0.30670000076293946,
        "IoU.rider": 0.32349998474121094,
        "IoU.car": 0.49279998779296874,
        "IoU.truck": 0.0,
        "IoU.bus": 0.0,
        "IoU.train": 0.0,
        "IoU.motorcycle": 0.161299991607666,
        "IoU.bicycle": 0.32720001220703127,
        "Acc.road": 0.9825,
        "Acc.sidewalk": 0.7155999755859375,
        "Acc.building": 0.9270999908447266,
        "Acc.wall": 0.13590000152587892,
        "Acc.fence": 0.4890999984741211,
        "Acc.pole": 0.5602000045776367,
        "Acc.traffic light": 0.6608000183105469,
        "Acc.traffic sign": 0.3153000068664551,
        "Acc.vegetation": 0.9366999816894531,
        "Acc.terrain": 0.2513999938964844,
        "Acc.sky": 0.07170000076293945,
        "Acc.person": 0.41779998779296873,
        "Acc.rider": 0.42700000762939455,
        "Acc.car": 0.8001000213623047,
        "Acc.truck": NaN,
        "Acc.bus": NaN,
        "Acc.train": 0.0,
        "Acc.motorcycle": 0.17600000381469727,
        "Acc.bicycle": 0.36259998321533204
    }
}