{
    "config": "configs/darkzurich/ddp_convnext_l_4x4_1080x1920_test_darkzurich.py",
    "metric": {
        "aAcc": 0.6174000000000001,
        "mIoU": 0.3034,
        "mAcc": 0.4644,
        "IoU.road": 0.5945000076293945,
        "IoU.sidewalk": 0.5008000183105469,
        "IoU.building": 0.5650999832153321,
        "IoU.wall": 0.12729999542236328,
        "IoU.fence": 0.44970001220703126,
        "IoU.pole": 0.32529998779296876,
        "IoU.traffic light": 0.4752999877929687,
        "IoU.traffic sign": 0.2418000030517578,
        "IoU.vegetation": 0.512400016784668,
        "IoU.terrain": 0.20940000534057618,
        "IoU.sky": 0.032400000095367434,
        "IoU.person": 0.241200008392334,
        "IoU.rider": 0.4020999908447266,
        "IoU.car": 0.6583999633789063,
        "IoU.truck": 0.0,
        "IoU.bus": 0.0,
        "IoU.train": 0.0,
        "IoU.motorcycle": 0.18440000534057618,
        "IoU.bicycle": 0.24379999160766602,
        "Acc.road": 0.9708000183105469,
        "Acc.sidewalk": 0.5804000091552735,
        "Acc.building": 0.9079000091552735,
        "Acc.wall": 0.14989999771118165,
        "Acc.fence": 0.5209000015258789,
        "Acc.pole": 0.44220001220703126,
        "Acc.traffic light": 0.6701000213623047,
        "Acc.traffic sign": 0.2652000045776367,
        "Acc.vegetation": 0.7226000213623047,
        "Acc.terrain": 0.42639999389648436,
        "Acc.sky": 0.0325,
        "Acc.person": 0.3559000015258789,
        "Acc.rider": 0.5172999954223633,
        "Acc.car": 0.8543000030517578,
        "Acc.truck": NaN,
        "Acc.bus": NaN,
        "Acc.train": 0.0,
        "Acc.motorcycle": 0.201299991607666,
        "Acc.bicycle": 0.27790000915527346
    }
}