{
    "config": "configs/darkzurich/ddp_convnext_l_4x4_1080x1920_test_darkzurich.py",
    "metric": {
        "aAcc": 0.653,
        "mIoU": 0.2978,
        "mAcc": 0.46799999999999997,
        "IoU.road": 0.6655999755859375,
        "IoU.sidewalk": 0.40900001525878904,
        "IoU.building": 0.6156999969482422,
        "IoU.wall": 0.08350000381469727,
        "IoU.fence": 0.49259998321533205,
        "IoU.pole": 0.3086000061035156,
        "IoU.traffic light": 0.47470001220703123,
        "IoU.traffic sign": 0.2539999961853027,
        "IoU.vegetation": 0.4856000137329102,
        "IoU.terrain": 0.16700000762939454,
        "IoU.sky": 0.21379999160766602,
        "IoU.person": 0.246200008392334,
        "IoU.rider": 0.3681000137329102,
        "IoU.car": 0.4331000137329102,
        "IoU.truck": 0.0,
        "IoU.bus": 0.0,
        "IoU.train": 0.0,
        "IoU.motorcycle": 0.18559999465942384,
        "IoU.bicycle": 0.25479999542236326,
        "Acc.road": 0.9633000183105469,
        "Acc.sidewalk": 0.44540000915527345,
        "Acc.building": 0.8920999908447266,
        "Acc.wall": 0.08850000381469726,
        "Acc.fence": 0.6118999862670899,
        "Acc.pole": 0.4125,
        "Acc.traffic light": 0.6011999893188477,
        "Acc.traffic sign": 0.2801000022888184,
        "Acc.vegetation": 0.7480999755859375,
        "Acc.terrain": 0.5218999862670899,
        "Acc.sky": 0.21799999237060547,
        "Acc.person": 0.35459999084472654,
        "Acc.rider": 0.48580001831054687,
        "Acc.car": 0.8376000213623047,
        "Acc.truck": NaN,
        "Acc.bus": NaN,
        "Acc.train": 0.0,
        "Acc.motorcycle": 0.20409999847412108,
        "Acc.bicycle": 0.291299991607666
    }
}