{
    "config": "configs/darkzurich/ddp_convnext_l_4x4_1080x1920_test_darkzurich.py",
    "metric": {
        "aAcc": 0.6746,
        "mIoU": 0.3301,
        "mAcc": 0.4869,
        "IoU.road": 0.8618000030517579,
        "IoU.sidewalk": 0.5929999923706055,
        "IoU.building": 0.680199966430664,
        "IoU.wall": 0.13760000228881836,
        "IoU.fence": 0.447599983215332,
        "IoU.pole": 0.40400001525878904,
        "IoU.traffic light": 0.518499984741211,
        "IoU.traffic sign": 0.29670000076293945,
        "IoU.vegetation": 0.43349998474121093,
        "IoU.terrain": 0.22610000610351563,
        "IoU.sky": 0.07969999790191651,
        "IoU.person": 0.3097999954223633,
        "IoU.rider": 0.3331999969482422,
        "IoU.car": 0.45790000915527346,
        "IoU.truck": 0.0,
        "IoU.bus": 0.0,
        "IoU.train": 0.0,
        "IoU.motorcycle": 0.1625,
        "IoU.bicycle": 0.3290000152587891,
        "Acc.road": 0.9806999969482422,
        "Acc.sidewalk": 0.6987999725341797,
        "Acc.building": 0.9277999877929688,
        "Acc.wall": 0.14600000381469727,
        "Acc.fence": 0.49340000152587893,
        "Acc.pole": 0.562400016784668,
        "Acc.traffic light": 0.6806999969482422,
        "Acc.traffic sign": 0.3365000152587891,
        "Acc.vegetation": 0.9315000152587891,
        "Acc.terrain": 0.25059999465942384,
        "Acc.sky": 0.07989999771118164,
        "Acc.person": 0.42209999084472655,
        "Acc.rider": 0.43029998779296874,
        "Acc.car": 0.789000015258789,
        "Acc.truck": NaN,
        "Acc.bus": NaN,
        "Acc.train": 0.0,
        "Acc.motorcycle": 0.1777000045776367,
        "Acc.bicycle": 0.36889999389648437
    }
}