{
    "config": "configs/darkzurich/ddp_convnext_l_4x4_1080x1920_test_darkzurich.py",
    "metric": {
        "aAcc": 0.5892000000000001,
        "mIoU": 0.284,
        "mAcc": 0.4346,
        "IoU.road": 0.4861000061035156,
        "IoU.sidewalk": 0.450099983215332,
        "IoU.building": 0.6379999923706055,
        "IoU.wall": 0.08989999771118164,
        "IoU.fence": 0.4358000183105469,
        "IoU.pole": 0.291200008392334,
        "IoU.traffic light": 0.4615000152587891,
        "IoU.traffic sign": 0.2290999984741211,
        "IoU.vegetation": 0.3908000183105469,
        "IoU.terrain": 0.21389999389648437,
        "IoU.sky": 0.07860000133514404,
        "IoU.person": 0.24479999542236328,
        "IoU.rider": 0.362400016784668,
        "IoU.car": 0.5716999816894531,
        "IoU.truck": 0.0,
        "IoU.bus": 0.0,
        "IoU.train": 0.0,
        "IoU.motorcycle": 0.17659999847412108,
        "IoU.bicycle": 0.2755999946594238,
        "Acc.road": 0.9733000183105469,
        "Acc.sidewalk": 0.5104999923706055,
        "Acc.building": 0.9055999755859375,
        "Acc.wall": 0.09720000267028808,
        "Acc.fence": 0.5254000091552734,
        "Acc.pole": 0.39529998779296877,
        "Acc.traffic light": 0.6336000061035156,
        "Acc.traffic sign": 0.2511000061035156,
        "Acc.vegetation": 0.5268999862670899,
        "Acc.terrain": 0.4243000030517578,
        "Acc.sky": 0.07880000114440917,
        "Acc.person": 0.3591999816894531,
        "Acc.rider": 0.49029998779296874,
        "Acc.car": 0.6998999786376953,
        "Acc.truck": NaN,
        "Acc.bus": NaN,
        "Acc.train": 0.0,
        "Acc.motorcycle": 0.1940999984741211,
        "Acc.bicycle": 0.3218999862670898
    }
}