{
    "config": "configs/darkzurich/ddp_convnext_l_4x4_1080x1920_test_darkzurich.py",
    "metric": {
        "aAcc": 0.6814,
        "mIoU": 0.3326,
        "mAcc": 0.49310000000000004,
        "IoU.road": 0.8338999938964844,
        "IoU.sidewalk": 0.5193000030517578,
        "IoU.building": 0.5256000137329102,
        "IoU.wall": 0.06179999828338623,
        "IoU.fence": 0.4727999877929687,
        "IoU.pole": 0.35880001068115236,
        "IoU.traffic light": 0.43650001525878906,
        "IoU.traffic sign": 0.2602000045776367,
        "IoU.vegetation": 0.515099983215332,
        "IoU.terrain": 0.20969999313354493,
        "IoU.sky": 0.25729999542236326,
        "IoU.person": 0.2563999938964844,
        "IoU.rider": 0.37189998626708987,
        "IoU.car": 0.6683000183105469,
        "IoU.truck": 0.0,
        "IoU.bus": 0.0,
        "IoU.train": 0.0,
        "IoU.motorcycle": 0.17379999160766602,
        "IoU.bicycle": 0.39849998474121096,
        "Acc.road": 0.9720999908447265,
        "Acc.sidewalk": 0.594900016784668,
        "Acc.building": 0.9088999938964843,
        "Acc.wall": 0.06300000190734863,
        "Acc.fence": 0.6184000015258789,
        "Acc.pole": 0.46919998168945315,
        "Acc.traffic light": 0.6458999633789062,
        "Acc.traffic sign": 0.28399999618530275,
        "Acc.vegetation": 0.767300033569336,
        "Acc.terrain": 0.34509998321533203,
        "Acc.sky": 0.26510000228881836,
        "Acc.person": 0.4184000015258789,
        "Acc.rider": 0.5213000106811524,
        "Acc.car": 0.855,
        "Acc.truck": NaN,
        "Acc.bus": NaN,
        "Acc.train": 0.0,
        "Acc.motorcycle": 0.195,
        "Acc.bicycle": 0.4590999984741211
    }
}