{
    "config": "configs/darkzurich/ddp_convnext_l_4x4_1080x1920_test_darkzurich.py",
    "metric": {
        "aAcc": 0.396,
        "mIoU": 0.15,
        "mAcc": 0.4274,
        "IoU.road": 0.5666999816894531,
        "IoU.sidewalk": 0.020099999904632567,
        "IoU.building": 0.0020000000298023225,
        "IoU.wall": 0.10899999618530273,
        "IoU.fence": 0.2588999938964844,
        "IoU.pole": 0.10739999771118164,
        "IoU.traffic light": 0.004699999988079071,
        "IoU.traffic sign": 0.09859999656677246,
        "IoU.vegetation": 0.002199999988079071,
        "IoU.terrain": 0.145,
        "IoU.sky": 0.539099998474121,
        "IoU.person": 0.17559999465942383,
        "IoU.rider": 0.20329999923706055,
        "IoU.car": 0.05900000095367432,
        "IoU.truck": 0.0,
        "IoU.bus": 0.0,
        "IoU.train": 0.0,
        "IoU.motorcycle": 0.14,
        "IoU.bicycle": 0.41819999694824217,
        "Acc.road": 0.5866999816894531,
        "Acc.sidewalk": 0.020199999809265137,
        "Acc.building": 0.0020000000298023225,
        "Acc.wall": 0.392599983215332,
        "Acc.fence": 0.5015999984741211,
        "Acc.pole": 0.16360000610351563,
        "Acc.traffic light": 0.8041000366210938,
        "Acc.traffic sign": 0.41119998931884766,
        "Acc.vegetation": 0.0023000000417232516,
        "Acc.terrain": 0.6948999786376953,
        "Acc.sky": 0.9251000213623047,
        "Acc.person": 0.4034000015258789,
        "Acc.rider": 0.47319999694824216,
        "Acc.car": 0.7951000213623047,
        "Acc.truck": NaN,
        "Acc.bus": NaN,
        "Acc.train": 0.0,
        "Acc.motorcycle": 0.3845000076293945,
        "Acc.bicycle": 0.7052999877929688
    }
}