{
    "config": "configs/darkzurich/ddp_convnext_l_4x4_1080x1920_test_darkzurich.py",
    "metric": {
        "aAcc": 0.6352,
        "mIoU": 0.3132,
        "mAcc": 0.4842,
        "IoU.road": 0.7181999969482422,
        "IoU.sidewalk": 0.45439998626708983,
        "IoU.building": 0.6113999938964844,
        "IoU.wall": 0.1946999931335449,
        "IoU.fence": 0.4925,
        "IoU.pole": 0.36369998931884767,
        "IoU.traffic light": 0.44310001373291014,
        "IoU.traffic sign": 0.2578000068664551,
        "IoU.vegetation": 0.44490001678466795,
        "IoU.terrain": 0.20010000228881836,
        "IoU.sky": 0.05880000114440918,
        "IoU.person": 0.24879999160766603,
        "IoU.rider": 0.39939998626708983,
        "IoU.car": 0.6563999938964844,
        "IoU.truck": 0.0,
        "IoU.bus": 0.0,
        "IoU.train": 0.0,
        "IoU.motorcycle": 0.19239999771118163,
        "IoU.bicycle": 0.21329999923706056,
        "Acc.road": 0.9655000305175782,
        "Acc.sidewalk": 0.49959999084472656,
        "Acc.building": 0.874000015258789,
        "Acc.wall": 0.22059999465942381,
        "Acc.fence": 0.5795999908447266,
        "Acc.pole": 0.48319999694824217,
        "Acc.traffic light": 0.6591999816894532,
        "Acc.traffic sign": 0.28579999923706056,
        "Acc.vegetation": 0.8541000366210938,
        "Acc.terrain": 0.5316999816894531,
        "Acc.sky": 0.05880000114440918,
        "Acc.person": 0.3559000015258789,
        "Acc.rider": 0.6234000015258789,
        "Acc.car": 0.7787999725341797,
        "Acc.truck": NaN,
        "Acc.bus": NaN,
        "Acc.train": 0.0,
        "Acc.motorcycle": 0.2128000068664551,
        "Acc.bicycle": 0.24799999237060547
    }
}