{
    "config": "configs/darkzurich/ddp_convnext_l_4x4_1080x1920_test_darkzurich.py",
    "metric": {
        "aAcc": 0.669,
        "mIoU": 0.3135,
        "mAcc": 0.4597,
        "IoU.road": 0.7991000366210937,
        "IoU.sidewalk": 0.4809000015258789,
        "IoU.building": 0.5270000076293946,
        "IoU.wall": 0.10819999694824219,
        "IoU.fence": 0.43470001220703125,
        "IoU.pole": 0.34080001831054685,
        "IoU.traffic light": 0.4968000030517578,
        "IoU.traffic sign": 0.28489999771118163,
        "IoU.vegetation": 0.48130001068115236,
        "IoU.terrain": 0.17739999771118165,
        "IoU.sky": 0.2589999961853027,
        "IoU.person": 0.2656999969482422,
        "IoU.rider": 0.31879999160766603,
        "IoU.car": 0.5013000106811524,
        "IoU.truck": 0.0,
        "IoU.bus": 0.0,
        "IoU.train": 0.0,
        "IoU.motorcycle": 0.1713999938964844,
        "IoU.bicycle": 0.3085000038146973,
        "Acc.road": 0.9751000213623047,
        "Acc.sidewalk": 0.5506999969482422,
        "Acc.building": 0.9122000122070313,
        "Acc.wall": 0.11170000076293946,
        "Acc.fence": 0.4968000030517578,
        "Acc.pole": 0.46130001068115234,
        "Acc.traffic light": 0.6419000244140625,
        "Acc.traffic sign": 0.318700008392334,
        "Acc.vegetation": 0.7316000366210937,
        "Acc.terrain": 0.2784000015258789,
        "Acc.sky": 0.2638999938964844,
        "Acc.person": 0.38299999237060545,
        "Acc.rider": 0.41830001831054686,
        "Acc.car": 0.7370999908447265,
        "Acc.truck": NaN,
        "Acc.bus": NaN,
        "Acc.train": 0.0,
        "Acc.motorcycle": 0.19120000839233398,
        "Acc.bicycle": 0.3440999984741211
    }
}