{
    "config": "configs/darkzurich/ddp_convnext_l_4x4_1080x1920_test_darkzurich.py",
    "metric": {
        "aAcc": 0.7306,
        "mIoU": 0.3503,
        "mAcc": 0.5125,
        "IoU.road": 0.8205000305175781,
        "IoU.sidewalk": 0.6297999954223633,
        "IoU.building": 0.5916999816894531,
        "IoU.wall": 0.16030000686645507,
        "IoU.fence": 0.4633000183105469,
        "IoU.pole": 0.38049999237060544,
        "IoU.traffic light": 0.47869998931884766,
        "IoU.traffic sign": 0.30670000076293946,
        "IoU.vegetation": 0.6716999816894531,
        "IoU.terrain": 0.3111000061035156,
        "IoU.sky": 0.2745000076293945,
        "IoU.person": 0.31629999160766603,
        "IoU.rider": 0.3256999969482422,
        "IoU.car": 0.40549999237060547,
        "IoU.truck": 0.0,
        "IoU.bus": 0.0,
        "IoU.train": 0.0,
        "IoU.motorcycle": 0.16950000762939454,
        "IoU.bicycle": 0.3493000030517578,
        "Acc.road": 0.9806999969482422,
        "Acc.sidewalk": 0.7205999755859375,
        "Acc.building": 0.9619999694824218,
        "Acc.wall": 0.16860000610351564,
        "Acc.fence": 0.5215999984741211,
        "Acc.pole": 0.5379000091552735,
        "Acc.traffic light": 0.6858000183105468,
        "Acc.traffic sign": 0.34959999084472654,
        "Acc.vegetation": 0.9188999938964844,
        "Acc.terrain": 0.3468000030517578,
        "Acc.sky": 0.2752000045776367,
        "Acc.person": 0.450099983215332,
        "Acc.rider": 0.41080001831054686,
        "Acc.car": 0.7816999816894531,
        "Acc.truck": NaN,
        "Acc.bus": NaN,
        "Acc.train": 0.0,
        "Acc.motorcycle": 0.19280000686645507,
        "Acc.bicycle": 0.40880001068115235
    }
}