{
    "config": "configs/darkzurich/ddp_convnext_l_4x4_1080x1920_test_darkzurich.py",
    "metric": {
        "aAcc": 0.6817,
        "mIoU": 0.32939999999999997,
        "mAcc": 0.4951,
        "IoU.road": 0.8577999877929687,
        "IoU.sidewalk": 0.5897000122070313,
        "IoU.building": 0.6827999877929688,
        "IoU.wall": 0.15979999542236328,
        "IoU.fence": 0.4583000183105469,
        "IoU.pole": 0.38729999542236326,
        "IoU.traffic light": 0.48,
        "IoU.traffic sign": 0.29870000839233396,
        "IoU.vegetation": 0.44240001678466795,
        "IoU.terrain": 0.22440000534057616,
        "IoU.sky": 0.11510000228881836,
        "IoU.person": 0.30620000839233397,
        "IoU.rider": 0.32099998474121094,
        "IoU.car": 0.41759998321533204,
        "IoU.truck": 0.0,
        "IoU.bus": 0.0,
        "IoU.train": 0.0,
        "IoU.motorcycle": 0.17040000915527342,
        "IoU.bicycle": 0.3479000091552734,
        "Acc.road": 0.9769000244140625,
        "Acc.sidewalk": 0.686500015258789,
        "Acc.building": 0.9272000122070313,
        "Acc.wall": 0.17030000686645508,
        "Acc.fence": 0.5193999862670898,
        "Acc.pole": 0.563499984741211,
        "Acc.traffic light": 0.6926999664306641,
        "Acc.traffic sign": 0.3440999984741211,
        "Acc.vegetation": 0.9258000183105469,
        "Acc.terrain": 0.25170000076293947,
        "Acc.sky": 0.11550000190734863,
        "Acc.person": 0.4418999862670898,
        "Acc.rider": 0.40880001068115235,
        "Acc.car": 0.7891000366210937,
        "Acc.truck": NaN,
        "Acc.bus": NaN,
        "Acc.train": 0.0,
        "Acc.motorcycle": 0.19370000839233398,
        "Acc.bicycle": 0.4086000061035156
    }
}