{
    "config": "configs/darkzurich/ddp_convnext_l_4x4_1080x1920_test_darkzurich.py",
    "metric": {
        "aAcc": 0.6065,
        "mIoU": 0.297,
        "mAcc": 0.46549999999999997,
        "IoU.road": 0.6215999984741211,
        "IoU.sidewalk": 0.45130001068115233,
        "IoU.building": 0.5391999816894532,
        "IoU.wall": 0.1352999973297119,
        "IoU.fence": 0.3218000030517578,
        "IoU.pole": 0.32799999237060545,
        "IoU.traffic light": 0.4865999984741211,
        "IoU.traffic sign": 0.26799999237060546,
        "IoU.vegetation": 0.517400016784668,
        "IoU.terrain": 0.243700008392334,
        "IoU.sky": 0.004000000059604645,
        "IoU.person": 0.24,
        "IoU.rider": 0.35569999694824217,
        "IoU.car": 0.5711000061035156,
        "IoU.truck": 0.0,
        "IoU.bus": 0.0,
        "IoU.train": 0.0,
        "IoU.motorcycle": 0.14239999771118164,
        "IoU.bicycle": 0.417400016784668,
        "Acc.road": 0.9723000335693359,
        "Acc.sidewalk": 0.523499984741211,
        "Acc.building": 0.8872000122070313,
        "Acc.wall": 0.18459999084472656,
        "Acc.fence": 0.34900001525878904,
        "Acc.pole": 0.45360000610351564,
        "Acc.traffic light": 0.6605999755859375,
        "Acc.traffic sign": 0.29709999084472655,
        "Acc.vegetation": 0.7758000183105469,
        "Acc.terrain": 0.41779998779296873,
        "Acc.sky": 0.004000000059604645,
        "Acc.person": 0.3831999969482422,
        "Acc.rider": 0.5568999862670898,
        "Acc.car": 0.7941999816894532,
        "Acc.truck": NaN,
        "Acc.bus": NaN,
        "Acc.train": 0.0,
        "Acc.motorcycle": 0.15779999732971192,
        "Acc.bicycle": 0.4965999984741211
    }
}