{
    "config": "configs/darkzurich/ddp_convnext_l_4x4_1080x1920_test_darkzurich.py",
    "metric": {
        "aAcc": 0.6734,
        "mIoU": 0.33270000000000005,
        "mAcc": 0.48460000000000003,
        "IoU.road": 0.8718000030517579,
        "IoU.sidewalk": 0.6047000122070313,
        "IoU.building": 0.6866000366210937,
        "IoU.wall": 0.11989999771118164,
        "IoU.fence": 0.4509000015258789,
        "IoU.pole": 0.3683000183105469,
        "IoU.traffic light": 0.5325999832153321,
        "IoU.traffic sign": 0.27100000381469724,
        "IoU.vegetation": 0.4275,
        "IoU.terrain": 0.23270000457763673,
        "IoU.sky": 0.059699997901916504,
        "IoU.person": 0.2982999992370605,
        "IoU.rider": 0.3290000152587891,
        "IoU.car": 0.577599983215332,
        "IoU.truck": 0.0,
        "IoU.bus": 0.0,
        "IoU.train": 0.0,
        "IoU.motorcycle": 0.15850000381469725,
        "IoU.bicycle": 0.33290000915527346,
        "Acc.road": 0.9851999664306641,
        "Acc.sidewalk": 0.7287000274658203,
        "Acc.building": 0.9245999908447265,
        "Acc.wall": 0.12680000305175781,
        "Acc.fence": 0.4881000137329102,
        "Acc.pole": 0.5379999923706055,
        "Acc.traffic light": 0.6630000305175782,
        "Acc.traffic sign": 0.2986000061035156,
        "Acc.vegetation": 0.9401000213623046,
        "Acc.terrain": 0.2511000061035156,
        "Acc.sky": 0.059800000190734864,
        "Acc.person": 0.40419998168945315,
        "Acc.rider": 0.41700000762939454,
        "Acc.car": 0.8768000030517578,
        "Acc.truck": NaN,
        "Acc.bus": NaN,
        "Acc.train": 0.0,
        "Acc.motorcycle": 0.17190000534057617,
        "Acc.bicycle": 0.36369998931884767
    }
}