{
    "config": "configs/darkzurich/ddp_convnext_l_4x4_1080x1920_test_darkzurich.py",
    "metric": {
        "aAcc": 0.6385000000000001,
        "mIoU": 0.30510000000000004,
        "mAcc": 0.4549,
        "IoU.road": 0.7551000213623047,
        "IoU.sidewalk": 0.46040000915527346,
        "IoU.building": 0.5140999984741211,
        "IoU.wall": 0.11079999923706055,
        "IoU.fence": 0.44810001373291014,
        "IoU.pole": 0.33,
        "IoU.traffic light": 0.5006000137329102,
        "IoU.traffic sign": 0.2997999954223633,
        "IoU.vegetation": 0.5058000183105469,
        "IoU.terrain": 0.21110000610351562,
        "IoU.sky": 0.07780000209808349,
        "IoU.person": 0.30270000457763674,
        "IoU.rider": 0.325,
        "IoU.car": 0.47299999237060547,
        "IoU.truck": 0.0,
        "IoU.bus": 0.0,
        "IoU.train": 0.0,
        "IoU.motorcycle": 0.16149999618530272,
        "IoU.bicycle": 0.32099998474121094,
        "Acc.road": 0.9797000122070313,
        "Acc.sidewalk": 0.5275999832153321,
        "Acc.building": 0.9305000305175781,
        "Acc.wall": 0.11279999732971191,
        "Acc.fence": 0.4909000015258789,
        "Acc.pole": 0.45290000915527345,
        "Acc.traffic light": 0.6356000137329102,
        "Acc.traffic sign": 0.33529998779296877,
        "Acc.vegetation": 0.7965000152587891,
        "Acc.terrain": 0.23549999237060548,
        "Acc.sky": 0.07800000190734863,
        "Acc.person": 0.42020000457763673,
        "Acc.rider": 0.435,
        "Acc.car": 0.7608999633789062,
        "Acc.truck": NaN,
        "Acc.bus": NaN,
        "Acc.train": 0.0,
        "Acc.motorcycle": 0.17879999160766602,
        "Acc.bicycle": 0.36369998931884767
    }
}