{
    "config": "configs/darkzurich/ddp_convnext_l_4x4_1080x1920_test_darkzurich.py",
    "metric": {
        "aAcc": 0.6785,
        "mIoU": 0.3175,
        "mAcc": 0.4753,
        "IoU.road": 0.7531999969482421,
        "IoU.sidewalk": 0.4420000076293945,
        "IoU.building": 0.5991999816894531,
        "IoU.wall": 0.10010000228881837,
        "IoU.fence": 0.45290000915527345,
        "IoU.pole": 0.35880001068115236,
        "IoU.traffic light": 0.48200000762939454,
        "IoU.traffic sign": 0.30840000152587893,
        "IoU.vegetation": 0.4954999923706055,
        "IoU.terrain": 0.20920000076293946,
        "IoU.sky": 0.2475,
        "IoU.person": 0.2940999984741211,
        "IoU.rider": 0.36080001831054687,
        "IoU.car": 0.44860000610351564,
        "IoU.truck": 0.0,
        "IoU.bus": 0.0,
        "IoU.train": 0.0,
        "IoU.motorcycle": 0.1540999984741211,
        "IoU.bicycle": 0.32529998779296876,
        "Acc.road": 0.9776000213623047,
        "Acc.sidewalk": 0.49810001373291013,
        "Acc.building": 0.9108000183105469,
        "Acc.wall": 0.10770000457763672,
        "Acc.fence": 0.5041999816894531,
        "Acc.pole": 0.485,
        "Acc.traffic light": 0.6631999969482422,
        "Acc.traffic sign": 0.35,
        "Acc.vegetation": 0.8269000244140625,
        "Acc.terrain": 0.27030000686645506,
        "Acc.sky": 0.2511000061035156,
        "Acc.person": 0.4434000015258789,
        "Acc.rider": 0.48889999389648436,
        "Acc.car": 0.7662999725341797,
        "Acc.truck": NaN,
        "Acc.bus": NaN,
        "Acc.train": 0.0,
        "Acc.motorcycle": 0.16829999923706054,
        "Acc.bicycle": 0.3686999893188477
    }
}