{
    "config": "configs/darkzurich/ddp_convnext_l_4x4_1080x1920_test_darkzurich.py",
    "metric": {
        "aAcc": 0.6748999999999999,
        "mIoU": 0.33390000000000003,
        "mAcc": 0.4864,
        "IoU.road": 0.8725,
        "IoU.sidewalk": 0.6091999816894531,
        "IoU.building": 0.6873999786376953,
        "IoU.wall": 0.12229999542236328,
        "IoU.fence": 0.45290000915527345,
        "IoU.pole": 0.39169998168945314,
        "IoU.traffic light": 0.5322000122070313,
        "IoU.traffic sign": 0.27899999618530275,
        "IoU.vegetation": 0.42880001068115237,
        "IoU.terrain": 0.23190000534057617,
        "IoU.sky": 0.06519999980926514,
        "IoU.person": 0.30420000076293946,
        "IoU.rider": 0.32930000305175783,
        "IoU.car": 0.548499984741211,
        "IoU.truck": 0.0,
        "IoU.bus": 0.0,
        "IoU.train": 0.0,
        "IoU.motorcycle": 0.15970000267028808,
        "IoU.bicycle": 0.3295999908447266,
        "Acc.road": 0.9841000366210938,
        "Acc.sidewalk": 0.7280999755859375,
        "Acc.building": 0.9256999969482422,
        "Acc.wall": 0.12989999771118163,
        "Acc.fence": 0.492400016784668,
        "Acc.pole": 0.5611999893188476,
        "Acc.traffic light": 0.6613999938964844,
        "Acc.traffic sign": 0.30870000839233397,
        "Acc.vegetation": 0.9404000091552734,
        "Acc.terrain": 0.25170000076293947,
        "Acc.sky": 0.0653000020980835,
        "Acc.person": 0.41150001525878904,
        "Acc.rider": 0.4234999847412109,
        "Acc.car": 0.8501000213623047,
        "Acc.truck": NaN,
        "Acc.bus": NaN,
        "Acc.train": 0.0,
        "Acc.motorcycle": 0.17350000381469727,
        "Acc.bicycle": 0.3615999984741211
    }
}