{
    "config": "configs/darkzurich/ddp_convnext_l_4x4_1080x1920_test_darkzurich.py",
    "metric": {
        "aAcc": 0.6453,
        "mIoU": 0.3023,
        "mAcc": 0.4629,
        "IoU.road": 0.747699966430664,
        "IoU.sidewalk": 0.45029998779296876,
        "IoU.building": 0.5241999816894531,
        "IoU.wall": 0.11579999923706055,
        "IoU.fence": 0.44349998474121094,
        "IoU.pole": 0.3215000152587891,
        "IoU.traffic light": 0.4715999984741211,
        "IoU.traffic sign": 0.29809999465942383,
        "IoU.vegetation": 0.5122000122070313,
        "IoU.terrain": 0.20709999084472655,
        "IoU.sky": 0.11710000038146973,
        "IoU.person": 0.30690000534057615,
        "IoU.rider": 0.31760000228881835,
        "IoU.car": 0.39669998168945314,
        "IoU.truck": 0.0,
        "IoU.bus": 0.0,
        "IoU.train": 0.0,
        "IoU.motorcycle": 0.1853000068664551,
        "IoU.bicycle": 0.3270999908447266,
        "Acc.road": 0.976500015258789,
        "Acc.sidewalk": 0.5166999816894531,
        "Acc.building": 0.9280999755859375,
        "Acc.wall": 0.11979999542236328,
        "Acc.fence": 0.4916999816894531,
        "Acc.pole": 0.4640999984741211,
        "Acc.traffic light": 0.69,
        "Acc.traffic sign": 0.34099998474121096,
        "Acc.vegetation": 0.7908000183105469,
        "Acc.terrain": 0.23600000381469727,
        "Acc.sky": 0.11770000457763671,
        "Acc.person": 0.4427000045776367,
        "Acc.rider": 0.39630001068115234,
        "Acc.car": 0.7648999786376953,
        "Acc.truck": NaN,
        "Acc.bus": NaN,
        "Acc.train": 0.0,
        "Acc.motorcycle": 0.21,
        "Acc.bicycle": 0.38310001373291014
    }
}