{
    "config": "configs/darkzurich/ddp_convnext_l_4x4_1080x1920_test_darkzurich.py",
    "metric": {
        "aAcc": 0.6225999999999999,
        "mIoU": 0.30670000000000003,
        "mAcc": 0.4692,
        "IoU.road": 0.7434999847412109,
        "IoU.sidewalk": 0.4702000045776367,
        "IoU.building": 0.46290000915527346,
        "IoU.wall": 0.07449999809265137,
        "IoU.fence": 0.472400016784668,
        "IoU.pole": 0.2890999984741211,
        "IoU.traffic light": 0.47689998626708985,
        "IoU.traffic sign": 0.30690000534057615,
        "IoU.vegetation": 0.513499984741211,
        "IoU.terrain": 0.301299991607666,
        "IoU.sky": 0.07360000133514405,
        "IoU.person": 0.251200008392334,
        "IoU.rider": 0.35069999694824217,
        "IoU.car": 0.6766999816894531,
        "IoU.truck": 0.0,
        "IoU.bus": 0.0,
        "IoU.train": 0.0,
        "IoU.motorcycle": 0.16920000076293945,
        "IoU.bicycle": 0.19459999084472657,
        "Acc.road": 0.9729000091552734,
        "Acc.sidewalk": 0.5220000076293946,
        "Acc.building": 0.9223999786376953,
        "Acc.wall": 0.07949999809265136,
        "Acc.fence": 0.5452999877929687,
        "Acc.pole": 0.3641999816894531,
        "Acc.traffic light": 0.7505999755859375,
        "Acc.traffic sign": 0.35689998626708985,
        "Acc.vegetation": 0.6819000244140625,
        "Acc.terrain": 0.659000015258789,
        "Acc.sky": 0.07389999866485596,
        "Acc.person": 0.34330001831054685,
        "Acc.rider": 0.42889999389648437,
        "Acc.car": 0.8841999816894531,
        "Acc.truck": NaN,
        "Acc.bus": NaN,
        "Acc.train": 0.0,
        "Acc.motorcycle": 0.18809999465942384,
        "Acc.bicycle": 0.2031999969482422
    }
}