{
    "config": "configs/darkzurich/ddp_convnext_l_4x4_1080x1920_test_darkzurich.py",
    "metric": {
        "aAcc": 0.6046,
        "mIoU": 0.30670000000000003,
        "mAcc": 0.4629,
        "IoU.road": 0.5277999877929688,
        "IoU.sidewalk": 0.4743000030517578,
        "IoU.building": 0.6741999816894532,
        "IoU.wall": 0.04190000057220459,
        "IoU.fence": 0.4747999954223633,
        "IoU.pole": 0.35259998321533204,
        "IoU.traffic light": 0.4868000030517578,
        "IoU.traffic sign": 0.25940000534057617,
        "IoU.vegetation": 0.4358000183105469,
        "IoU.terrain": 0.21829999923706056,
        "IoU.sky": 0.032400000095367434,
        "IoU.person": 0.2440999984741211,
        "IoU.rider": 0.35689998626708985,
        "IoU.car": 0.7088999938964844,
        "IoU.truck": 0.0,
        "IoU.bus": 0.0,
        "IoU.train": 0.0,
        "IoU.motorcycle": 0.18620000839233397,
        "IoU.bicycle": 0.35369998931884766,
        "Acc.road": 0.975999984741211,
        "Acc.sidewalk": 0.5179999923706055,
        "Acc.building": 0.8405999755859375,
        "Acc.wall": 0.04420000076293945,
        "Acc.fence": 0.5781000137329102,
        "Acc.pole": 0.4909000015258789,
        "Acc.traffic light": 0.6444000244140625,
        "Acc.traffic sign": 0.28280000686645507,
        "Acc.vegetation": 0.7593000030517578,
        "Acc.terrain": 0.39049999237060545,
        "Acc.sky": 0.032400000095367434,
        "Acc.person": 0.3554999923706055,
        "Acc.rider": 0.47470001220703123,
        "Acc.car": 0.8727999877929687,
        "Acc.truck": NaN,
        "Acc.bus": NaN,
        "Acc.train": 0.0,
        "Acc.motorcycle": 0.20729999542236327,
        "Acc.bicycle": 0.4025
    }
}