{
    "config": "configs/darkzurich/ddp_convnext_l_4x4_1080x1920_test_darkzurich.py",
    "metric": {
        "aAcc": 0.6403,
        "mIoU": 0.32420000000000004,
        "mAcc": 0.4797,
        "IoU.road": 0.7670999908447266,
        "IoU.sidewalk": 0.5811999893188476,
        "IoU.building": 0.6331999969482421,
        "IoU.wall": 0.06179999828338623,
        "IoU.fence": 0.49,
        "IoU.pole": 0.3575,
        "IoU.traffic light": 0.5061000061035156,
        "IoU.traffic sign": 0.26729999542236327,
        "IoU.vegetation": 0.40669998168945315,
        "IoU.terrain": 0.23860000610351562,
        "IoU.sky": 0.043400001525878903,
        "IoU.person": 0.2646999931335449,
        "IoU.rider": 0.2997999954223633,
        "IoU.car": 0.6261000061035156,
        "IoU.truck": 0.0,
        "IoU.bus": 0.0,
        "IoU.train": 0.0,
        "IoU.motorcycle": 0.18270000457763672,
        "IoU.bicycle": 0.43380001068115237,
        "Acc.road": 0.9748999786376953,
        "Acc.sidewalk": 0.6626999664306641,
        "Acc.building": 0.8566999816894532,
        "Acc.wall": 0.0653000020980835,
        "Acc.fence": 0.6138000106811523,
        "Acc.pole": 0.5345000076293945,
        "Acc.traffic light": 0.6651000213623047,
        "Acc.traffic sign": 0.2929999923706055,
        "Acc.vegetation": 0.8754000091552734,
        "Acc.terrain": 0.3529999923706055,
        "Acc.sky": 0.043499999046325684,
        "Acc.person": 0.38540000915527345,
        "Acc.rider": 0.3568000030517578,
        "Acc.car": 0.7468000030517579,
        "Acc.truck": NaN,
        "Acc.bus": NaN,
        "Acc.train": 0.0,
        "Acc.motorcycle": 0.20920000076293946,
        "Acc.bicycle": 0.5193999862670898
    }
}