{
    "config": "configs/darkzurich/ddp_convnext_l_4x4_1080x1920_test_darkzurich.py",
    "metric": {
        "aAcc": 0.6656,
        "mIoU": 0.3104,
        "mAcc": 0.4593,
        "IoU.road": 0.793499984741211,
        "IoU.sidewalk": 0.48270000457763673,
        "IoU.building": 0.5145999908447265,
        "IoU.wall": 0.07610000133514404,
        "IoU.fence": 0.4388999938964844,
        "IoU.pole": 0.31510000228881835,
        "IoU.traffic light": 0.4809999847412109,
        "IoU.traffic sign": 0.28739999771118163,
        "IoU.vegetation": 0.5025,
        "IoU.terrain": 0.1981999969482422,
        "IoU.sky": 0.23200000762939454,
        "IoU.person": 0.27829999923706056,
        "IoU.rider": 0.32279998779296876,
        "IoU.car": 0.4886000061035156,
        "IoU.truck": 0.0,
        "IoU.bus": 0.0,
        "IoU.train": 0.0,
        "IoU.motorcycle": 0.16360000610351563,
        "IoU.bicycle": 0.322599983215332,
        "Acc.road": 0.9766999816894532,
        "Acc.sidewalk": 0.5552999877929687,
        "Acc.building": 0.9204000091552734,
        "Acc.wall": 0.07730000019073487,
        "Acc.fence": 0.49599998474121093,
        "Acc.pole": 0.43099998474121093,
        "Acc.traffic light": 0.6441000366210937,
        "Acc.traffic sign": 0.32369998931884764,
        "Acc.vegetation": 0.7430999755859375,
        "Acc.terrain": 0.26549999237060545,
        "Acc.sky": 0.23540000915527343,
        "Acc.person": 0.42139999389648436,
        "Acc.rider": 0.43290000915527344,
        "Acc.car": 0.736500015258789,
        "Acc.truck": NaN,
        "Acc.bus": NaN,
        "Acc.train": 0.0,
        "Acc.motorcycle": 0.1868000030517578,
        "Acc.bicycle": 0.36189998626708986
    }
}