{
    "config": "configs/darkzurich/ddp_convnext_l_4x4_1080x1920_test_darkzurich.py",
    "metric": {
        "aAcc": 0.7143,
        "mIoU": 0.3285,
        "mAcc": 0.4797,
        "IoU.road": 0.7694000244140625,
        "IoU.sidewalk": 0.43020000457763674,
        "IoU.building": 0.6412999725341797,
        "IoU.wall": 0.1275,
        "IoU.fence": 0.44720001220703126,
        "IoU.pole": 0.3541999816894531,
        "IoU.traffic light": 0.49279998779296874,
        "IoU.traffic sign": 0.2979999923706055,
        "IoU.vegetation": 0.5041999816894531,
        "IoU.terrain": 0.18309999465942384,
        "IoU.sky": 0.41369998931884766,
        "IoU.person": 0.26760000228881836,
        "IoU.rider": 0.3618000030517578,
        "IoU.car": 0.46740001678466797,
        "IoU.truck": 0.0,
        "IoU.bus": 0.0,
        "IoU.train": 0.0,
        "IoU.motorcycle": 0.16600000381469726,
        "IoU.bicycle": 0.3163999938964844,
        "Acc.road": 0.9776000213623047,
        "Acc.sidewalk": 0.4816999816894531,
        "Acc.building": 0.9,
        "Acc.wall": 0.13850000381469726,
        "Acc.fence": 0.4995000076293945,
        "Acc.pole": 0.4793000030517578,
        "Acc.traffic light": 0.6822000122070313,
        "Acc.traffic sign": 0.3331999969482422,
        "Acc.vegetation": 0.8112999725341797,
        "Acc.terrain": 0.24559999465942384,
        "Acc.sky": 0.42830001831054687,
        "Acc.person": 0.387599983215332,
        "Acc.rider": 0.4909000015258789,
        "Acc.car": 0.7594999694824218,
        "Acc.truck": NaN,
        "Acc.bus": NaN,
        "Acc.train": 0.0,
        "Acc.motorcycle": 0.18209999084472656,
        "Acc.bicycle": 0.3575
    }
}