{
    "config": "configs/darkzurich/ddp_convnext_l_4x4_1080x1920_test_darkzurich.py",
    "metric": {
        "aAcc": 0.7234,
        "mIoU": 0.3493,
        "mAcc": 0.5101,
        "IoU.road": 0.8341000366210938,
        "IoU.sidewalk": 0.5302000045776367,
        "IoU.building": 0.6134000015258789,
        "IoU.wall": 0.06340000152587891,
        "IoU.fence": 0.4786000061035156,
        "IoU.pole": 0.37099998474121093,
        "IoU.traffic light": 0.4406999969482422,
        "IoU.traffic sign": 0.25979999542236326,
        "IoU.vegetation": 0.5088000106811523,
        "IoU.terrain": 0.22200000762939454,
        "IoU.sky": 0.40950000762939454,
        "IoU.person": 0.2638999938964844,
        "IoU.rider": 0.3933000183105469,
        "IoU.car": 0.6419000244140625,
        "IoU.truck": 0.0,
        "IoU.bus": 0.0,
        "IoU.train": 0.0,
        "IoU.motorcycle": 0.17329999923706055,
        "IoU.bicycle": 0.4329999923706055,
        "Acc.road": 0.9731999969482422,
        "Acc.sidewalk": 0.6111999893188477,
        "Acc.building": 0.9072000122070313,
        "Acc.wall": 0.06510000228881836,
        "Acc.fence": 0.6225,
        "Acc.pole": 0.49439998626708986,
        "Acc.traffic light": 0.6456999969482422,
        "Acc.traffic sign": 0.28350000381469725,
        "Acc.vegetation": 0.7733000183105468,
        "Acc.terrain": 0.3909000015258789,
        "Acc.sky": 0.43139999389648437,
        "Acc.person": 0.4229000091552734,
        "Acc.rider": 0.5533000183105469,
        "Acc.car": 0.8041999816894532,
        "Acc.truck": NaN,
        "Acc.bus": NaN,
        "Acc.train": 0.0,
        "Acc.motorcycle": 0.19299999237060547,
        "Acc.bicycle": 0.5
    }
}