{
    "config": "configs/darkzurich/ddp_convnext_l_4x4_1080x1920_test_darkzurich.py",
    "metric": {
        "aAcc": 0.6745,
        "mIoU": 0.3289,
        "mAcc": 0.4855,
        "IoU.road": 0.8616000366210937,
        "IoU.sidewalk": 0.5927000045776367,
        "IoU.building": 0.6801000213623047,
        "IoU.wall": 0.1365999984741211,
        "IoU.fence": 0.4477000045776367,
        "IoU.pole": 0.402599983215332,
        "IoU.traffic light": 0.5129000091552735,
        "IoU.traffic sign": 0.2979999923706055,
        "IoU.vegetation": 0.4333000183105469,
        "IoU.terrain": 0.2256999969482422,
        "IoU.sky": 0.07960000038146972,
        "IoU.person": 0.3078000068664551,
        "IoU.rider": 0.3215000152587891,
        "IoU.car": 0.4588999938964844,
        "IoU.truck": 0.0,
        "IoU.bus": 0.0,
        "IoU.train": 0.0,
        "IoU.motorcycle": 0.16229999542236329,
        "IoU.bicycle": 0.32740001678466796,
        "Acc.road": 0.9805999755859375,
        "Acc.sidewalk": 0.6983999633789062,
        "Acc.building": 0.9277999877929688,
        "Acc.wall": 0.14479999542236327,
        "Acc.fence": 0.4929999923706055,
        "Acc.pole": 0.5618000030517578,
        "Acc.traffic light": 0.6576000213623047,
        "Acc.traffic sign": 0.3388999938964844,
        "Acc.vegetation": 0.9312000274658203,
        "Acc.terrain": 0.2503000068664551,
        "Acc.sky": 0.07980000019073487,
        "Acc.person": 0.4259999847412109,
        "Acc.rider": 0.43009998321533205,
        "Acc.car": 0.7869000244140625,
        "Acc.truck": NaN,
        "Acc.bus": NaN,
        "Acc.train": 0.0,
        "Acc.motorcycle": 0.17809999465942383,
        "Acc.bicycle": 0.36849998474121093
    }
}