{
    "config": "/home/sidd_s/Diffusion_conditional_prior_segmentation/DDP/segmentation/configs/foggydrivingfull/ddp_convnext_l_4x4_1080x1920_test_foggydrivingfull.py",
    "metric": {
        "aAcc": 0.9014,
        "mIoU": 0.5769,
        "mAcc": 0.7152,
        "IoU.road": 0.9380999755859375,
        "IoU.sidewalk": 0.42970001220703125,
        "IoU.building": 0.735,
        "IoU.wall": 0.4333000183105469,
        "IoU.fence": 0.20600000381469727,
        "IoU.pole": 0.5447000122070312,
        "IoU.traffic light": 0.6411000061035156,
        "IoU.traffic sign": 0.6120000076293945,
        "IoU.vegetation": 0.7662999725341797,
        "IoU.terrain": 0.15989999771118163,
        "IoU.sky": 0.9170999908447266,
        "IoU.person": 0.7408999633789063,
        "IoU.rider": 0.5772000122070312,
        "IoU.car": 0.7406999969482422,
        "IoU.truck": 0.21809999465942384,
        "IoU.bus": 0.8154000091552734,
        "IoU.train": 0.8313999938964843,
        "IoU.motorcycle": 0.27719999313354493,
        "IoU.bicycle": 0.37709999084472656,
        "Acc.road": 0.987699966430664,
        "Acc.sidewalk": 0.45849998474121095,
        "Acc.building": 0.8413999938964843,
        "Acc.wall": 0.6320999908447266,
        "Acc.fence": 0.28700000762939454,
        "Acc.pole": 0.6826000213623047,
        "Acc.traffic light": 0.7429000091552734,
        "Acc.traffic sign": 0.7180000305175781,
        "Acc.vegetation": 0.8751999664306641,
        "Acc.terrain": 0.606500015258789,
        "Acc.sky": 0.941500015258789,
        "Acc.person": 0.8976999664306641,
        "Acc.rider": 0.7880999755859375,
        "Acc.car": 0.9447000122070313,
        "Acc.truck": 0.22389999389648438,
        "Acc.bus": 0.8223000335693359,
        "Acc.train": 0.8491999816894531,
        "Acc.motorcycle": 0.49779998779296875,
        "Acc.bicycle": 0.7923999786376953
    }
}