{
    "config": "/home/sidd_s/Diffusion_conditional_prior_segmentation/DDP/segmentation/configs/cityscapesfoggy/ddp_convnext_l_4x4_1024x2048_test_cityscapesfoggy.py",
    "metric": {
        "aAcc": 0.9647,
        "mIoU": 0.8210999999999999,
        "mAcc": 0.8763,
        "IoU.road": 0.9851999664306641,
        "IoU.sidewalk": 0.8802999877929687,
        "IoU.building": 0.9226999664306641,
        "IoU.wall": 0.5622000122070312,
        "IoU.fence": 0.6411000061035156,
        "IoU.pole": 0.7129000091552734,
        "IoU.traffic light": 0.7534999847412109,
        "IoU.traffic sign": 0.84,
        "IoU.vegetation": 0.9244000244140625,
        "IoU.terrain": 0.6798999786376954,
        "IoU.sky": 0.9247000122070312,
        "IoU.person": 0.8575,
        "IoU.rider": 0.6920999908447265,
        "IoU.car": 0.9611000061035156,
        "IoU.truck": 0.8477999877929687,
        "IoU.bus": 0.9458999633789062,
        "IoU.train": 0.8923999786376953,
        "IoU.motorcycle": 0.7533999633789062,
        "IoU.bicycle": 0.8244000244140625,
        "Acc.road": 0.9925,
        "Acc.sidewalk": 0.9408999633789062,
        "Acc.building": 0.9708999633789063,
        "Acc.wall": 0.6193999862670898,
        "Acc.fence": 0.705999984741211,
        "Acc.pole": 0.8030999755859375,
        "Acc.traffic light": 0.839800033569336,
        "Acc.traffic sign": 0.8959999847412109,
        "Acc.vegetation": 0.9598999786376953,
        "Acc.terrain": 0.7483999633789062,
        "Acc.sky": 0.977699966430664,
        "Acc.person": 0.9283000183105469,
        "Acc.rider": 0.7887999725341797,
        "Acc.car": 0.9812000274658204,
        "Acc.truck": 0.8773999786376954,
        "Acc.bus": 0.9587000274658203,
        "Acc.train": 0.9087000274658203,
        "Acc.motorcycle": 0.835999984741211,
        "Acc.bicycle": 0.9159999847412109
    }
}