{
    "config": "/home/sidd_s/Diffusion_conditional_prior_segmentation/DDP/segmentation/configs/cityscapesfoggy/ddp_convnext_l_4x4_1024x2048_test_cityscapesfoggy.py",
    "metric": {
        "aAcc": 0.9376000000000001,
        "mIoU": 0.7731999999999999,
        "mAcc": 0.8286,
        "IoU.road": 0.9818000030517579,
        "IoU.sidewalk": 0.8619999694824219,
        "IoU.building": 0.8330000305175781,
        "IoU.wall": 0.5399000167846679,
        "IoU.fence": 0.5729000091552734,
        "IoU.pole": 0.6526999664306641,
        "IoU.traffic light": 0.6848999786376954,
        "IoU.traffic sign": 0.7955000305175781,
        "IoU.vegetation": 0.8231999969482422,
        "IoU.terrain": 0.6451000213623047,
        "IoU.sky": 0.8012000274658203,
        "IoU.person": 0.8269000244140625,
        "IoU.rider": 0.6725,
        "IoU.car": 0.95,
        "IoU.truck": 0.8212000274658203,
        "IoU.bus": 0.9115000152587891,
        "IoU.train": 0.7973999786376953,
        "IoU.motorcycle": 0.7211000061035157,
        "IoU.bicycle": 0.7976000213623047,
        "Acc.road": 0.9919999694824219,
        "Acc.sidewalk": 0.9248000335693359,
        "Acc.building": 0.9740000152587891,
        "Acc.wall": 0.5706000137329101,
        "Acc.fence": 0.6220999908447266,
        "Acc.pole": 0.7280000305175781,
        "Acc.traffic light": 0.7469999694824219,
        "Acc.traffic sign": 0.8416999816894531,
        "Acc.vegetation": 0.8531999969482422,
        "Acc.terrain": 0.7222000122070312,
        "Acc.sky": 0.8690000152587891,
        "Acc.person": 0.893499984741211,
        "Acc.rider": 0.7655999755859375,
        "Acc.car": 0.9722000122070312,
        "Acc.truck": 0.8502999877929688,
        "Acc.bus": 0.9243000030517579,
        "Acc.train": 0.808499984741211,
        "Acc.motorcycle": 0.8023999786376953,
        "Acc.bicycle": 0.8822000122070313
    }
}