{
    "config": "/home/sidd_s/Diffusion_conditional_prior_segmentation/DDP/segmentation/configs/acdcnight/ddp_convnext_l_4x4_1080x1920_test_acdcnight.py",
    "metric": {
        "aAcc": 0.6638,
        "mIoU": 0.33630000000000004,
        "mAcc": 0.48810000000000003,
        "IoU.road": 0.8684999847412109,
        "IoU.sidewalk": 0.47069999694824216,
        "IoU.building": 0.5238999938964843,
        "IoU.wall": 0.14390000343322754,
        "IoU.fence": 0.35330001831054686,
        "IoU.pole": 0.42790000915527343,
        "IoU.traffic light": 0.5393000030517578,
        "IoU.traffic sign": 0.38849998474121095,
        "IoU.vegetation": 0.47779998779296873,
        "IoU.terrain": 0.1625,
        "IoU.sky": 0.03900000095367431,
        "IoU.person": 0.37189998626708987,
        "IoU.rider": 0.19350000381469726,
        "IoU.car": 0.5947999954223633,
        "IoU.truck": 0.21459999084472656,
        "IoU.bus": 0.0,
        "IoU.train": 0.24319999694824218,
        "IoU.motorcycle": 0.13960000038146972,
        "IoU.bicycle": 0.23709999084472655,
        "Acc.road": 0.9758000183105469,
        "Acc.sidewalk": 0.5136999893188476,
        "Acc.building": 0.8587000274658203,
        "Acc.wall": 0.15670000076293944,
        "Acc.fence": 0.41509998321533204,
        "Acc.pole": 0.5086000061035156,
        "Acc.traffic light": 0.6338999938964843,
        "Acc.traffic sign": 0.45360000610351564,
        "Acc.vegetation": 0.8444999694824219,
        "Acc.terrain": 0.4533000183105469,
        "Acc.sky": 0.03900000095367431,
        "Acc.person": 0.48630001068115236,
        "Acc.rider": 0.3168000030517578,
        "Acc.car": 0.7416000366210938,
        "Acc.truck": 0.7030999755859375,
        "Acc.bus": NaN,
        "Acc.train": 0.246200008392334,
        "Acc.motorcycle": 0.18299999237060546,
        "Acc.bicycle": 0.25559999465942385
    }
}