{
    "config": "/home/sidd_s/Diffusion_conditional_prior_segmentation/DDP/segmentation/configs/acdcnight/ddp_convnext_l_4x4_1080x1920_test_acdcnight.py",
    "metric": {
        "aAcc": 0.6659,
        "mIoU": 0.3411,
        "mAcc": 0.5024000000000001,
        "IoU.road": 0.7812000274658203,
        "IoU.sidewalk": 0.4209000015258789,
        "IoU.building": 0.523400001525879,
        "IoU.wall": 0.15109999656677245,
        "IoU.fence": 0.3363999938964844,
        "IoU.pole": 0.4665999984741211,
        "IoU.traffic light": 0.5402999877929687,
        "IoU.traffic sign": 0.3766999816894531,
        "IoU.vegetation": 0.5166999816894531,
        "IoU.terrain": 0.12600000381469725,
        "IoU.sky": 0.07079999923706054,
        "IoU.person": 0.40580001831054685,
        "IoU.rider": 0.18360000610351562,
        "IoU.car": 0.5086999893188476,
        "IoU.truck": 0.09210000038146973,
        "IoU.bus": 0.0,
        "IoU.train": 0.4093000030517578,
        "IoU.motorcycle": 0.13239999771118163,
        "IoU.bicycle": 0.4381999969482422,
        "Acc.road": 0.9837999725341797,
        "Acc.sidewalk": 0.46599998474121096,
        "Acc.building": 0.9191999816894532,
        "Acc.wall": 0.161299991607666,
        "Acc.fence": 0.36259998321533204,
        "Acc.pole": 0.5938999938964844,
        "Acc.traffic light": 0.5979000091552734,
        "Acc.traffic sign": 0.42509998321533204,
        "Acc.vegetation": 0.7781999969482422,
        "Acc.terrain": 0.19799999237060548,
        "Acc.sky": 0.07110000133514405,
        "Acc.person": 0.5359000015258789,
        "Acc.rider": 0.34619998931884766,
        "Acc.car": 0.7558999633789063,
        "Acc.truck": 0.7436000061035156,
        "Acc.bus": NaN,
        "Acc.train": 0.4175,
        "Acc.motorcycle": 0.15949999809265136,
        "Acc.bicycle": 0.527400016784668
    }
}