{
    "config": "/home/sidd_s/Diffusion_conditional_prior_segmentation/DDP/segmentation/configs/acdcnight/ddp_convnext_l_4x4_1080x1920_test_acdcnight.py",
    "metric": {
        "aAcc": 0.6983,
        "mIoU": 0.37770000000000004,
        "mAcc": 0.5357,
        "IoU.road": 0.900199966430664,
        "IoU.sidewalk": 0.5950999832153321,
        "IoU.building": 0.6102000045776367,
        "IoU.wall": 0.16350000381469726,
        "IoU.fence": 0.39099998474121095,
        "IoU.pole": 0.48880001068115236,
        "IoU.traffic light": 0.5211999893188477,
        "IoU.traffic sign": 0.3427999877929688,
        "IoU.vegetation": 0.4675,
        "IoU.terrain": 0.163799991607666,
        "IoU.sky": 0.1209000015258789,
        "IoU.person": 0.4056999969482422,
        "IoU.rider": 0.24559999465942384,
        "IoU.car": 0.6206999969482422,
        "IoU.truck": 0.26680000305175783,
        "IoU.bus": 0.0,
        "IoU.train": 0.24399999618530274,
        "IoU.motorcycle": 0.143100004196167,
        "IoU.bicycle": 0.4854000091552734,
        "Acc.road": 0.9730000305175781,
        "Acc.sidewalk": 0.6676999664306641,
        "Acc.building": 0.8376000213623047,
        "Acc.wall": 0.17469999313354492,
        "Acc.fence": 0.46130001068115234,
        "Acc.pole": 0.6352000045776367,
        "Acc.traffic light": 0.5834999847412109,
        "Acc.traffic sign": 0.37150001525878906,
        "Acc.vegetation": 0.8865000152587891,
        "Acc.terrain": 0.42220001220703124,
        "Acc.sky": 0.12199999809265137,
        "Acc.person": 0.5638999938964844,
        "Acc.rider": 0.3584999847412109,
        "Acc.car": 0.777300033569336,
        "Acc.truck": 0.7843000030517578,
        "Acc.bus": NaN,
        "Acc.train": 0.24729999542236328,
        "Acc.motorcycle": 0.18200000762939453,
        "Acc.bicycle": 0.5938999938964844
    }
}