{
    "config": "/home/sidd_s/Diffusion_conditional_prior_segmentation/DDP/segmentation/configs/acdcnight/ddp_convnext_l_4x4_1080x1920_test_acdcnight.py",
    "metric": {
        "aAcc": 0.6551,
        "mIoU": 0.3477,
        "mAcc": 0.48950000000000005,
        "IoU.road": 0.847699966430664,
        "IoU.sidewalk": 0.5161999893188477,
        "IoU.building": 0.44790000915527345,
        "IoU.wall": 0.18520000457763672,
        "IoU.fence": 0.33169998168945314,
        "IoU.pole": 0.43090000152587893,
        "IoU.traffic light": 0.5672000122070312,
        "IoU.traffic sign": 0.3877000045776367,
        "IoU.vegetation": 0.5061999893188477,
        "IoU.terrain": 0.13010000228881835,
        "IoU.sky": 0.03359999895095825,
        "IoU.person": 0.4136000061035156,
        "IoU.rider": 0.12430000305175781,
        "IoU.car": 0.5836999893188477,
        "IoU.truck": 0.17670000076293946,
        "IoU.bus": 0.0,
        "IoU.train": 0.3938999938964844,
        "IoU.motorcycle": 0.14420000076293946,
        "IoU.bicycle": 0.3858000183105469,
        "Acc.road": 0.981500015258789,
        "Acc.sidewalk": 0.5609999847412109,
        "Acc.building": 0.9391999816894532,
        "Acc.wall": 0.22860000610351563,
        "Acc.fence": 0.35830001831054686,
        "Acc.pole": 0.5615999984741211,
        "Acc.traffic light": 0.6120000076293945,
        "Acc.traffic sign": 0.43349998474121093,
        "Acc.vegetation": 0.6943000030517578,
        "Acc.terrain": 0.2027000045776367,
        "Acc.sky": 0.03369999885559082,
        "Acc.person": 0.5604999923706054,
        "Acc.rider": 0.20120000839233398,
        "Acc.car": 0.7102999877929688,
        "Acc.truck": 0.6980000305175781,
        "Acc.bus": NaN,
        "Acc.train": 0.4027000045776367,
        "Acc.motorcycle": 0.18850000381469725,
        "Acc.bicycle": 0.4438999938964844
    }
}