{
    "config": "/home/sidd_s/Diffusion_conditional_prior_segmentation/DDP/segmentation/configs/idd/ddp_convnext_l_4x4_1080x1920_test_idd.py",
    "metric": {
        "aAcc": 0.9208,
        "mIoU": 0.5561,
        "mAcc": 0.7112999999999999,
        "IoU.road": 0.9501999664306641,
        "IoU.sidewalk": 0.2844000053405762,
        "IoU.building": 0.8162000274658203,
        "IoU.wall": 0.36150001525878905,
        "IoU.fence": 0.29870000839233396,
        "IoU.pole": 0.4211000061035156,
        "IoU.traffic light": 0.3611000061035156,
        "IoU.traffic sign": 0.49770000457763675,
        "IoU.vegetation": 0.8601999664306641,
        "IoU.terrain": 0.33490001678466796,
        "IoU.sky": 0.9634999847412109,
        "IoU.person": 0.7030000305175781,
        "IoU.rider": 0.5581000137329102,
        "IoU.car": 0.8091999816894532,
        "IoU.truck": 0.6063000106811524,
        "IoU.bus": 0.5568999862670898,
        "IoU.train": 0.0,
        "IoU.motorcycle": 0.7652999877929687,
        "IoU.bicycle": 0.41830001831054686,
        "Acc.road": 0.9712999725341797,
        "Acc.sidewalk": 0.8883999633789063,
        "Acc.building": 0.9427999877929687,
        "Acc.wall": 0.3893999862670898,
        "Acc.fence": 0.3427999877929688,
        "Acc.pole": 0.4456999969482422,
        "Acc.traffic light": 0.4122999954223633,
        "Acc.traffic sign": 0.5672999954223633,
        "Acc.vegetation": 0.9254000091552734,
        "Acc.terrain": 0.5061000061035156,
        "Acc.sky": 0.9897000122070313,
        "Acc.person": 0.875999984741211,
        "Acc.rider": 0.6473999786376953,
        "Acc.car": 0.9684999847412109,
        "Acc.truck": 0.6619999694824219,
        "Acc.bus": 0.5947000122070313,
        "Acc.train": NaN,
        "Acc.motorcycle": 0.8244999694824219,
        "Acc.bicycle": 0.849800033569336
    }
}