{
    "config": "/home/sidd_s/Diffusion_conditional_prior_segmentation/DDP/segmentation/configs/nightcity/ddp_convnext_l_4x4_512x1024_test_nightcity.py",
    "metric": {
        "aAcc": 0.7084,
        "mIoU": 0.33649999999999997,
        "mAcc": 0.5347999999999999,
        "IoU.road": 0.8326000213623047,
        "IoU.sidewalk": 0.337599983215332,
        "IoU.building": 0.6077999877929687,
        "IoU.wall": 0.09050000190734864,
        "IoU.fence": 0.13180000305175782,
        "IoU.pole": 0.29770000457763673,
        "IoU.traffic light": 0.21010000228881837,
        "IoU.traffic sign": 0.38630001068115233,
        "IoU.vegetation": 0.40200000762939453,
        "IoU.terrain": 0.12439999580383301,
        "IoU.sky": 0.3075,
        "IoU.person": 0.4495000076293945,
        "IoU.rider": 0.16110000610351563,
        "IoU.car": 0.6444000244140625,
        "IoU.truck": 0.24549999237060546,
        "IoU.bus": 0.5231999969482422,
        "IoU.train": 0.12920000076293944,
        "IoU.motorcycle": 0.28219999313354494,
        "IoU.bicycle": 0.22959999084472657,
        "Acc.road": 0.9419999694824219,
        "Acc.sidewalk": 0.4627000045776367,
        "Acc.building": 0.8829000091552734,
        "Acc.wall": 0.12399999618530273,
        "Acc.fence": 0.145,
        "Acc.pole": 0.5277999877929688,
        "Acc.traffic light": 0.46169998168945314,
        "Acc.traffic sign": 0.5975,
        "Acc.vegetation": 0.6733999633789063,
        "Acc.terrain": 0.19770000457763673,
        "Acc.sky": 0.30959999084472656,
        "Acc.person": 0.7194999694824219,
        "Acc.rider": 0.22860000610351563,
        "Acc.car": 0.909000015258789,
        "Acc.truck": 0.4775,
        "Acc.bus": 0.7033999633789062,
        "Acc.train": 0.46650001525878904,
        "Acc.motorcycle": 0.6412999725341797,
        "Acc.bicycle": 0.6909999847412109
    }
}