{
    "config": "configs/cityscapes/ddp_convnext_l_4x4_512x1024_160k_cityscapes.py",
    "metric": {
        "aAcc": 0.9687,
        "mIoU": 0.8312999999999999,
        "mAcc": 0.8872,
        "IoU.road": 0.9862000274658204,
        "IoU.sidewalk": 0.885199966430664,
        "IoU.building": 0.9375,
        "IoU.wall": 0.6193000030517578,
        "IoU.fence": 0.6491999816894531,
        "IoU.pole": 0.712699966430664,
        "IoU.traffic light": 0.7691000366210937,
        "IoU.traffic sign": 0.8406999969482422,
        "IoU.vegetation": 0.9344999694824219,
        "IoU.terrain": 0.6855000305175781,
        "IoU.sky": 0.9551000213623047,
        "IoU.person": 0.8622000122070312,
        "IoU.rider": 0.6951999664306641,
        "IoU.car": 0.9616999816894531,
        "IoU.truck": 0.8658999633789063,
        "IoU.bus": 0.9490000152587891,
        "IoU.train": 0.9094000244140625,
        "IoU.motorcycle": 0.7516999816894532,
        "IoU.bicycle": 0.824800033569336,
        "Acc.road": 0.9925,
        "Acc.sidewalk": 0.9437999725341797,
        "Acc.building": 0.9738999938964844,
        "Acc.wall": 0.6722000122070313,
        "Acc.fence": 0.7169000244140625,
        "Acc.pole": 0.8184999847412109,
        "Acc.traffic light": 0.8665000152587891,
        "Acc.traffic sign": 0.904000015258789,
        "Acc.vegetation": 0.9694000244140625,
        "Acc.terrain": 0.7594000244140625,
        "Acc.sky": 0.9852999877929688,
        "Acc.person": 0.9344000244140624,
        "Acc.rider": 0.7883999633789063,
        "Acc.car": 0.9829000091552734,
        "Acc.truck": 0.8920999908447266,
        "Acc.bus": 0.9654000091552735,
        "Acc.train": 0.928499984741211,
        "Acc.motorcycle": 0.8405000305175782,
        "Acc.bicycle": 0.9222000122070313
    }
}