{
    "config": "configs/cityscapes/ddp_convnext_l_4x4_512x1024_160k_cityscapes.py",
    "metric": {
        "aAcc": 0.9689,
        "mIoU": 0.8323999999999999,
        "mAcc": 0.888,
        "IoU.road": 0.9858000183105469,
        "IoU.sidewalk": 0.8825,
        "IoU.building": 0.9380000305175781,
        "IoU.wall": 0.6070999908447265,
        "IoU.fence": 0.6497000122070312,
        "IoU.pole": 0.7280999755859375,
        "IoU.traffic light": 0.7712000274658203,
        "IoU.traffic sign": 0.845999984741211,
        "IoU.vegetation": 0.9352999877929687,
        "IoU.terrain": 0.6869999694824219,
        "IoU.sky": 0.9569000244140625,
        "IoU.person": 0.864800033569336,
        "IoU.rider": 0.6970999908447265,
        "IoU.car": 0.9629000091552734,
        "IoU.truck": 0.8620999908447265,
        "IoU.bus": 0.9502999877929688,
        "IoU.train": 0.910199966430664,
        "IoU.motorcycle": 0.7534999847412109,
        "IoU.bicycle": 0.8262000274658203,
        "Acc.road": 0.9925,
        "Acc.sidewalk": 0.9441000366210938,
        "Acc.building": 0.9737000274658203,
        "Acc.wall": 0.6686000061035157,
        "Acc.fence": 0.7155000305175782,
        "Acc.pole": 0.8258999633789063,
        "Acc.traffic light": 0.8683000183105469,
        "Acc.traffic sign": 0.9087999725341797,
        "Acc.vegetation": 0.97,
        "Acc.terrain": 0.7608000183105469,
        "Acc.sky": 0.9851000213623047,
        "Acc.person": 0.9370999908447266,
        "Acc.rider": 0.7930999755859375,
        "Acc.car": 0.9829000091552734,
        "Acc.truck": 0.8894999694824218,
        "Acc.bus": 0.9658999633789063,
        "Acc.train": 0.9291000366210938,
        "Acc.motorcycle": 0.8406999969482422,
        "Acc.bicycle": 0.9195999908447265
    }
}