{
    "config": "configs/cityscapes/ddp_convnext_l_4x4_512x1024_160k_cityscapes.py",
    "metric": {
        "aAcc": 0.9689,
        "mIoU": 0.8326,
        "mAcc": 0.8878,
        "IoU.road": 0.9856999969482422,
        "IoU.sidewalk": 0.882300033569336,
        "IoU.building": 0.9380000305175781,
        "IoU.wall": 0.6077000045776367,
        "IoU.fence": 0.6488999938964843,
        "IoU.pole": 0.729800033569336,
        "IoU.traffic light": 0.7708000183105469,
        "IoU.traffic sign": 0.845999984741211,
        "IoU.vegetation": 0.9355000305175781,
        "IoU.terrain": 0.6883000183105469,
        "IoU.sky": 0.9569000244140625,
        "IoU.person": 0.8648999786376953,
        "IoU.rider": 0.6970999908447265,
        "IoU.car": 0.9630000305175781,
        "IoU.truck": 0.8636000061035156,
        "IoU.bus": 0.9501000213623046,
        "IoU.train": 0.910199966430664,
        "IoU.motorcycle": 0.7538999938964843,
        "IoU.bicycle": 0.8262000274658203,
        "Acc.road": 0.9922000122070312,
        "Acc.sidewalk": 0.9456999969482421,
        "Acc.building": 0.9741000366210938,
        "Acc.wall": 0.6669999694824219,
        "Acc.fence": 0.7144999694824219,
        "Acc.pole": 0.8255000305175781,
        "Acc.traffic light": 0.8676000213623047,
        "Acc.traffic sign": 0.9080999755859375,
        "Acc.vegetation": 0.9701000213623047,
        "Acc.terrain": 0.7605999755859375,
        "Acc.sky": 0.9851000213623047,
        "Acc.person": 0.9370999908447266,
        "Acc.rider": 0.7929000091552735,
        "Acc.car": 0.9829000091552734,
        "Acc.truck": 0.8898999786376953,
        "Acc.bus": 0.9658000183105468,
        "Acc.train": 0.9293000030517579,
        "Acc.motorcycle": 0.840999984741211,
        "Acc.bicycle": 0.9195999908447265
    }
}