{
    "config": "configs/cityscapes/ddp_convnext_l_4x4_512x1024_160k_cityscapes.py",
    "metric": {
        "aAcc": 0.9693,
        "mIoU": 0.8334999999999999,
        "mAcc": 0.8881,
        "IoU.road": 0.9863999938964844,
        "IoU.sidewalk": 0.8856999969482422,
        "IoU.building": 0.9386000061035156,
        "IoU.wall": 0.619900016784668,
        "IoU.fence": 0.6493000030517578,
        "IoU.pole": 0.7298999786376953,
        "IoU.traffic light": 0.7715000152587891,
        "IoU.traffic sign": 0.8461000061035157,
        "IoU.vegetation": 0.9355999755859375,
        "IoU.terrain": 0.6861000061035156,
        "IoU.sky": 0.9569999694824218,
        "IoU.person": 0.8648999786376953,
        "IoU.rider": 0.6970999908447265,
        "IoU.car": 0.9630000305175781,
        "IoU.truck": 0.8644999694824219,
        "IoU.bus": 0.9501000213623046,
        "IoU.train": 0.9102999877929687,
        "IoU.motorcycle": 0.7537000274658203,
        "IoU.bicycle": 0.8263999938964843,
        "Acc.road": 0.9931999969482422,
        "Acc.sidewalk": 0.9430000305175781,
        "Acc.building": 0.9745999908447266,
        "Acc.wall": 0.6726999664306641,
        "Acc.fence": 0.714800033569336,
        "Acc.pole": 0.8258000183105468,
        "Acc.traffic light": 0.8680000305175781,
        "Acc.traffic sign": 0.9080999755859375,
        "Acc.vegetation": 0.9701000213623047,
        "Acc.terrain": 0.7604000091552734,
        "Acc.sky": 0.985,
        "Acc.person": 0.9369999694824219,
        "Acc.rider": 0.7929000091552735,
        "Acc.car": 0.9829000091552734,
        "Acc.truck": 0.8908000183105469,
        "Acc.bus": 0.9656999969482422,
        "Acc.train": 0.9291999816894532,
        "Acc.motorcycle": 0.8408000183105468,
        "Acc.bicycle": 0.9198999786376953
    }
}