{
    "config": "configs/cityscapes/ddp_convnext_l_4x4_512x1024_160k_cityscapes.py",
    "metric": {
        "aAcc": 0.9691,
        "mIoU": 0.8334,
        "mAcc": 0.8936,
        "IoU.road": 0.9873000335693359,
        "IoU.sidewalk": 0.8908999633789062,
        "IoU.building": 0.9375,
        "IoU.wall": 0.6102999877929688,
        "IoU.fence": 0.6654000091552734,
        "IoU.pole": 0.7166999816894531,
        "IoU.traffic light": 0.7683999633789063,
        "IoU.traffic sign": 0.8422000122070312,
        "IoU.vegetation": 0.9341000366210938,
        "IoU.terrain": 0.6730999755859375,
        "IoU.sky": 0.9554000091552735,
        "IoU.person": 0.8629000091552734,
        "IoU.rider": 0.7002999877929688,
        "IoU.car": 0.9631999969482422,
        "IoU.truck": 0.8963999938964844,
        "IoU.bus": 0.9479000091552734,
        "IoU.train": 0.9116999816894531,
        "IoU.motorcycle": 0.7494999694824219,
        "IoU.bicycle": 0.8219999694824218,
        "Acc.road": 0.9930999755859375,
        "Acc.sidewalk": 0.946500015258789,
        "Acc.building": 0.9716999816894532,
        "Acc.wall": 0.6798000335693359,
        "Acc.fence": 0.7426000213623047,
        "Acc.pole": 0.831500015258789,
        "Acc.traffic light": 0.8645999908447266,
        "Acc.traffic sign": 0.9098000335693359,
        "Acc.vegetation": 0.9691000366210938,
        "Acc.terrain": 0.7429000091552734,
        "Acc.sky": 0.9863999938964844,
        "Acc.person": 0.9362999725341797,
        "Acc.rider": 0.8113999938964844,
        "Acc.car": 0.9825,
        "Acc.truck": 0.9319999694824219,
        "Acc.bus": 0.9679000091552734,
        "Acc.train": 0.9336000061035157,
        "Acc.motorcycle": 0.8552999877929688,
        "Acc.bicycle": 0.9208999633789062
    }
}