{
    "config": "configs/cityscapes/ddp_convnext_l_4x4_512x1024_160k_cityscapes.py",
    "metric": {
        "aAcc": 0.9679000000000001,
        "mIoU": 0.8275,
        "mAcc": 0.8841,
        "IoU.road": 0.9862000274658204,
        "IoU.sidewalk": 0.8829000091552734,
        "IoU.building": 0.935199966430664,
        "IoU.wall": 0.5959000015258789,
        "IoU.fence": 0.6498000335693359,
        "IoU.pole": 0.7123999786376953,
        "IoU.traffic light": 0.7626000213623046,
        "IoU.traffic sign": 0.8411000061035157,
        "IoU.vegetation": 0.9325,
        "IoU.terrain": 0.6811000061035156,
        "IoU.sky": 0.9529000091552734,
        "IoU.person": 0.8558999633789063,
        "IoU.rider": 0.6823000335693359,
        "IoU.car": 0.9622000122070312,
        "IoU.truck": 0.8738999938964844,
        "IoU.bus": 0.9455999755859374,
        "IoU.train": 0.9116000366210938,
        "IoU.motorcycle": 0.739800033569336,
        "IoU.bicycle": 0.8191000366210938,
        "Acc.road": 0.9933999633789062,
        "Acc.sidewalk": 0.9401000213623046,
        "Acc.building": 0.9748999786376953,
        "Acc.wall": 0.6731999969482422,
        "Acc.fence": 0.7081999969482422,
        "Acc.pole": 0.8237999725341797,
        "Acc.traffic light": 0.864800033569336,
        "Acc.traffic sign": 0.9030000305175782,
        "Acc.vegetation": 0.9637000274658203,
        "Acc.terrain": 0.7694000244140625,
        "Acc.sky": 0.9887000274658203,
        "Acc.person": 0.93,
        "Acc.rider": 0.7601000213623047,
        "Acc.car": 0.9802999877929688,
        "Acc.truck": 0.8965000152587891,
        "Acc.bus": 0.9619999694824218,
        "Acc.train": 0.9262999725341797,
        "Acc.motorcycle": 0.8270999908447265,
        "Acc.bicycle": 0.9118000030517578
    }
}