{
    "config": "configs/cityscapes/ddp_convnext_l_4x4_512x1024_160k_cityscapes.py",
    "metric": {
        "aAcc": 0.9702,
        "mIoU": 0.8384,
        "mAcc": 0.8916,
        "IoU.road": 0.9868000030517579,
        "IoU.sidewalk": 0.8883999633789063,
        "IoU.building": 0.94,
        "IoU.wall": 0.6072000122070312,
        "IoU.fence": 0.6608999633789062,
        "IoU.pole": 0.74,
        "IoU.traffic light": 0.7862999725341797,
        "IoU.traffic sign": 0.8570999908447265,
        "IoU.vegetation": 0.9373999786376953,
        "IoU.terrain": 0.6987999725341797,
        "IoU.sky": 0.9581999969482422,
        "IoU.person": 0.8741999816894531,
        "IoU.rider": 0.7105999755859375,
        "IoU.car": 0.9643000030517578,
        "IoU.truck": 0.851500015258789,
        "IoU.bus": 0.9526000213623047,
        "IoU.train": 0.9137999725341797,
        "IoU.motorcycle": 0.7680000305175781,
        "IoU.bicycle": 0.8337999725341797,
        "Acc.road": 0.9930999755859375,
        "Acc.sidewalk": 0.9454000091552734,
        "Acc.building": 0.9738999938964844,
        "Acc.wall": 0.664000015258789,
        "Acc.fence": 0.7251000213623047,
        "Acc.pole": 0.8338999938964844,
        "Acc.traffic light": 0.877300033569336,
        "Acc.traffic sign": 0.9127999877929688,
        "Acc.vegetation": 0.9726000213623047,
        "Acc.terrain": 0.7675,
        "Acc.sky": 0.9844999694824219,
        "Acc.person": 0.9441999816894531,
        "Acc.rider": 0.805199966430664,
        "Acc.car": 0.984800033569336,
        "Acc.truck": 0.8819000244140625,
        "Acc.bus": 0.9677999877929687,
        "Acc.train": 0.9294000244140626,
        "Acc.motorcycle": 0.8506999969482422,
        "Acc.bicycle": 0.9265000152587891
    }
}