{
    "config": "configs/cityscapes/ddp_convnext_l_4x4_512x1024_160k_cityscapes.py",
    "metric": {
        "aAcc": 0.9702,
        "mIoU": 0.8347,
        "mAcc": 0.8891,
        "IoU.road": 0.9883000183105469,
        "IoU.sidewalk": 0.8991000366210937,
        "IoU.building": 0.9391000366210938,
        "IoU.wall": 0.6163000106811524,
        "IoU.fence": 0.6526999664306641,
        "IoU.pole": 0.7311000061035157,
        "IoU.traffic light": 0.7718000030517578,
        "IoU.traffic sign": 0.8462000274658203,
        "IoU.vegetation": 0.9358999633789062,
        "IoU.terrain": 0.6908999633789062,
        "IoU.sky": 0.9573000335693359,
        "IoU.person": 0.8648999786376953,
        "IoU.rider": 0.6972000122070312,
        "IoU.car": 0.9630000305175781,
        "IoU.truck": 0.8644999694824219,
        "IoU.bus": 0.9501999664306641,
        "IoU.train": 0.9102999877929687,
        "IoU.motorcycle": 0.754000015258789,
        "IoU.bicycle": 0.8262999725341796,
        "Acc.road": 0.9943000030517578,
        "Acc.sidewalk": 0.9495999908447266,
        "Acc.building": 0.975,
        "Acc.wall": 0.6719000244140625,
        "Acc.fence": 0.7187999725341797,
        "Acc.pole": 0.8270999908447265,
        "Acc.traffic light": 0.8683000183105469,
        "Acc.traffic sign": 0.9083000183105469,
        "Acc.vegetation": 0.9698999786376953,
        "Acc.terrain": 0.7658000183105469,
        "Acc.sky": 0.9844999694824219,
        "Acc.person": 0.9369000244140625,
        "Acc.rider": 0.7930000305175782,
        "Acc.car": 0.9829000091552734,
        "Acc.truck": 0.8906999969482422,
        "Acc.bus": 0.9658000183105468,
        "Acc.train": 0.9291999816894532,
        "Acc.motorcycle": 0.8411000061035157,
        "Acc.bicycle": 0.9197000122070312
    }
}