{
    "config": "configs/cityscapes/ddp_convnext_l_4x4_512x1024_160k_cityscapes.py",
    "metric": {
        "aAcc": 0.9692000000000001,
        "mIoU": 0.8304,
        "mAcc": 0.8924,
        "IoU.road": 0.9870999908447265,
        "IoU.sidewalk": 0.8909999847412109,
        "IoU.building": 0.9391000366210938,
        "IoU.wall": 0.605099983215332,
        "IoU.fence": 0.6726000213623047,
        "IoU.pole": 0.7193000030517578,
        "IoU.traffic light": 0.7686000061035156,
        "IoU.traffic sign": 0.8405000305175782,
        "IoU.vegetation": 0.9344999694824219,
        "IoU.terrain": 0.6808999633789062,
        "IoU.sky": 0.9551999664306641,
        "IoU.person": 0.8612000274658204,
        "IoU.rider": 0.685,
        "IoU.car": 0.9631999969482422,
        "IoU.truck": 0.8343000030517578,
        "IoU.bus": 0.9475,
        "IoU.train": 0.9172000122070313,
        "IoU.motorcycle": 0.7526000213623046,
        "IoU.bicycle": 0.8233000183105469,
        "Acc.road": 0.992699966430664,
        "Acc.sidewalk": 0.9454000091552734,
        "Acc.building": 0.9720999908447265,
        "Acc.wall": 0.6737000274658204,
        "Acc.fence": 0.7595999908447265,
        "Acc.pole": 0.8241999816894531,
        "Acc.traffic light": 0.8631999969482422,
        "Acc.traffic sign": 0.9091999816894532,
        "Acc.vegetation": 0.9705999755859375,
        "Acc.terrain": 0.7494000244140625,
        "Acc.sky": 0.9858000183105469,
        "Acc.person": 0.9388999938964844,
        "Acc.rider": 0.7926000213623047,
        "Acc.car": 0.9838999938964844,
        "Acc.truck": 0.9181999969482422,
        "Acc.bus": 0.9662999725341797,
        "Acc.train": 0.9376000213623047,
        "Acc.motorcycle": 0.8595999908447266,
        "Acc.bicycle": 0.9119000244140625
    }
}