{
    "config": "configs/cityscapes/ddp_convnext_l_4x4_512x1024_160k_cityscapes.py",
    "metric": {
        "aAcc": 0.9688,
        "mIoU": 0.8329000000000001,
        "mAcc": 0.8879,
        "IoU.road": 0.9851000213623047,
        "IoU.sidewalk": 0.8788999938964843,
        "IoU.building": 0.9381999969482422,
        "IoU.wall": 0.6172000122070312,
        "IoU.fence": 0.6494999694824218,
        "IoU.pole": 0.7288999938964844,
        "IoU.traffic light": 0.7708000183105469,
        "IoU.traffic sign": 0.8461000061035157,
        "IoU.vegetation": 0.9355000305175781,
        "IoU.terrain": 0.6887999725341797,
        "IoU.sky": 0.9566999816894531,
        "IoU.person": 0.8648999786376953,
        "IoU.rider": 0.6970999908447265,
        "IoU.car": 0.9631999969482422,
        "IoU.truck": 0.8645999908447266,
        "IoU.bus": 0.9501000213623046,
        "IoU.train": 0.9105000305175781,
        "IoU.motorcycle": 0.7537000274658203,
        "IoU.bicycle": 0.825999984741211,
        "Acc.road": 0.9916000366210938,
        "Acc.sidewalk": 0.9456999969482421,
        "Acc.building": 0.9747000122070313,
        "Acc.wall": 0.6695999908447265,
        "Acc.fence": 0.7147000122070313,
        "Acc.pole": 0.8230999755859375,
        "Acc.traffic light": 0.8669000244140626,
        "Acc.traffic sign": 0.9079000091552735,
        "Acc.vegetation": 0.97,
        "Acc.terrain": 0.7612000274658203,
        "Acc.sky": 0.9848999786376953,
        "Acc.person": 0.9369000244140625,
        "Acc.rider": 0.7929000091552735,
        "Acc.car": 0.9829000091552734,
        "Acc.truck": 0.8906999969482422,
        "Acc.bus": 0.9656999969482422,
        "Acc.train": 0.9294999694824219,
        "Acc.motorcycle": 0.8408999633789063,
        "Acc.bicycle": 0.9195999908447265
    }
}