{
    "config": "configs/cityscapes/ddp_convnext_l_4x4_512x1024_160k_cityscapes.py",
    "metric": {
        "aAcc": 0.9711,
        "mIoU": 0.8368000000000001,
        "mAcc": 0.8905,
        "IoU.road": 0.9891999816894531,
        "IoU.sidewalk": 0.9051000213623047,
        "IoU.building": 0.9408000183105468,
        "IoU.wall": 0.624000015258789,
        "IoU.fence": 0.6576999664306641,
        "IoU.pole": 0.735,
        "IoU.traffic light": 0.7723999786376953,
        "IoU.traffic sign": 0.8466000366210937,
        "IoU.vegetation": 0.9376000213623047,
        "IoU.terrain": 0.7008999633789063,
        "IoU.sky": 0.9580000305175781,
        "IoU.person": 0.8651999664306641,
        "IoU.rider": 0.6973000335693359,
        "IoU.car": 0.9633999633789062,
        "IoU.truck": 0.8631999969482422,
        "IoU.bus": 0.9502999877929688,
        "IoU.train": 0.9108000183105469,
        "IoU.motorcycle": 0.754000015258789,
        "IoU.bicycle": 0.8266999816894531,
        "Acc.road": 0.9948000335693359,
        "Acc.sidewalk": 0.9529000091552734,
        "Acc.building": 0.9755000305175782,
        "Acc.wall": 0.6786000061035157,
        "Acc.fence": 0.7233999633789062,
        "Acc.pole": 0.8295999908447266,
        "Acc.traffic light": 0.8691999816894531,
        "Acc.traffic sign": 0.9088999938964843,
        "Acc.vegetation": 0.9712000274658203,
        "Acc.terrain": 0.7705999755859375,
        "Acc.sky": 0.9851999664306641,
        "Acc.person": 0.9373000335693359,
        "Acc.rider": 0.7930000305175782,
        "Acc.car": 0.9830000305175781,
        "Acc.truck": 0.8906999969482422,
        "Acc.bus": 0.9658999633789063,
        "Acc.train": 0.9294000244140626,
        "Acc.motorcycle": 0.8411000061035157,
        "Acc.bicycle": 0.92
    }
}