{
    "config": "configs/cityscapes/ddp_convnext_l_4x4_512x1024_160k_cityscapes.py",
    "metric": {
        "aAcc": 0.9691,
        "mIoU": 0.8323,
        "mAcc": 0.8898999999999999,
        "IoU.road": 0.9873000335693359,
        "IoU.sidewalk": 0.8913999938964844,
        "IoU.building": 0.9376000213623047,
        "IoU.wall": 0.6052999877929688,
        "IoU.fence": 0.6612000274658203,
        "IoU.pole": 0.7172000122070312,
        "IoU.traffic light": 0.7675,
        "IoU.traffic sign": 0.8438999938964844,
        "IoU.vegetation": 0.9340000152587891,
        "IoU.terrain": 0.673499984741211,
        "IoU.sky": 0.9555999755859375,
        "IoU.person": 0.8619999694824219,
        "IoU.rider": 0.6954000091552734,
        "IoU.car": 0.9627999877929687,
        "IoU.truck": 0.8870999908447266,
        "IoU.bus": 0.9493000030517578,
        "IoU.train": 0.9105999755859375,
        "IoU.motorcycle": 0.7480999755859375,
        "IoU.bicycle": 0.8233000183105469,
        "Acc.road": 0.9934999847412109,
        "Acc.sidewalk": 0.9441999816894531,
        "Acc.building": 0.972699966430664,
        "Acc.wall": 0.6736000061035157,
        "Acc.fence": 0.732699966430664,
        "Acc.pole": 0.815,
        "Acc.traffic light": 0.8675,
        "Acc.traffic sign": 0.9073999786376953,
        "Acc.vegetation": 0.97,
        "Acc.terrain": 0.7494999694824219,
        "Acc.sky": 0.9862999725341797,
        "Acc.person": 0.9373999786376953,
        "Acc.rider": 0.7944999694824219,
        "Acc.car": 0.9827999877929687,
        "Acc.truck": 0.9218000030517578,
        "Acc.bus": 0.9655999755859375,
        "Acc.train": 0.9358999633789062,
        "Acc.motorcycle": 0.836500015258789,
        "Acc.bicycle": 0.9212999725341797
    }
}