{
    "config": "/home/sidd_s/Diffusion_conditional_prior_segmentation/DDP/segmentation/configs/acdcfoggy/ddp_convnext_l_4x4_1080x1920_test_acdcfoggy.py",
    "metric": {
        "aAcc": 0.9434999999999999,
        "mIoU": 0.7425,
        "mAcc": 0.8323,
        "IoU.road": 0.9605000305175782,
        "IoU.sidewalk": 0.82,
        "IoU.building": 0.8508000183105469,
        "IoU.wall": 0.4241999816894531,
        "IoU.fence": 0.40439998626708984,
        "IoU.pole": 0.6761000061035156,
        "IoU.traffic light": 0.7830999755859375,
        "IoU.traffic sign": 0.7583000183105468,
        "IoU.vegetation": 0.885199966430664,
        "IoU.terrain": 0.5095000076293945,
        "IoU.sky": 0.9763999938964844,
        "IoU.person": 0.6791999816894532,
        "IoU.rider": 0.6480000305175782,
        "IoU.car": 0.8556999969482422,
        "IoU.truck": 0.799000015258789,
        "IoU.bus": 0.7819999694824219,
        "IoU.train": 0.8969000244140625,
        "IoU.motorcycle": 0.7052999877929688,
        "IoU.bicycle": 0.6931999969482422,
        "Acc.road": 0.9686000061035156,
        "Acc.sidewalk": 0.9086000061035157,
        "Acc.building": 0.9751999664306641,
        "Acc.wall": 0.4633000183105469,
        "Acc.fence": 0.429900016784668,
        "Acc.pole": 0.7686000061035156,
        "Acc.traffic light": 0.845,
        "Acc.traffic sign": 0.8634999847412109,
        "Acc.vegetation": 0.9233999633789063,
        "Acc.terrain": 0.7579000091552734,
        "Acc.sky": 0.9901000213623047,
        "Acc.person": 0.8505999755859375,
        "Acc.rider": 0.8955999755859375,
        "Acc.car": 0.9602999877929688,
        "Acc.truck": 0.8995999908447265,
        "Acc.bus": 0.7959999847412109,
        "Acc.train": 0.9669000244140625,
        "Acc.motorcycle": 0.7255999755859375,
        "Acc.bicycle": 0.8255000305175781
    }
}