{
    "config": "/home/sidd_s/Diffusion_conditional_prior_segmentation/DDP/segmentation/configs/acdcfoggy/ddp_convnext_l_4x4_1080x1920_test_acdcfoggy.py",
    "metric": {
        "aAcc": 0.9451,
        "mIoU": 0.7415,
        "mAcc": 0.8388,
        "IoU.road": 0.9561000061035156,
        "IoU.sidewalk": 0.7858999633789062,
        "IoU.building": 0.8711000061035157,
        "IoU.wall": 0.4518999862670898,
        "IoU.fence": 0.4297999954223633,
        "IoU.pole": 0.6962999725341796,
        "IoU.traffic light": 0.7854000091552734,
        "IoU.traffic sign": 0.78,
        "IoU.vegetation": 0.8937999725341796,
        "IoU.terrain": 0.4681999969482422,
        "IoU.sky": 0.9787999725341797,
        "IoU.person": 0.630099983215332,
        "IoU.rider": 0.6572000122070313,
        "IoU.car": 0.8594000244140625,
        "IoU.truck": 0.8401000213623047,
        "IoU.bus": 0.7187000274658203,
        "IoU.train": 0.8852999877929687,
        "IoU.motorcycle": 0.7438999938964844,
        "IoU.bicycle": 0.6569999694824219,
        "Acc.road": 0.9608999633789063,
        "Acc.sidewalk": 0.8755999755859375,
        "Acc.building": 0.9747000122070313,
        "Acc.wall": 0.4986999893188477,
        "Acc.fence": 0.44970001220703126,
        "Acc.pole": 0.7830000305175782,
        "Acc.traffic light": 0.86,
        "Acc.traffic sign": 0.8798999786376953,
        "Acc.vegetation": 0.9312000274658203,
        "Acc.terrain": 0.8205999755859374,
        "Acc.sky": 0.9929000091552734,
        "Acc.person": 0.8713999938964844,
        "Acc.rider": 0.8434999847412109,
        "Acc.car": 0.961500015258789,
        "Acc.truck": 0.914000015258789,
        "Acc.bus": 0.7326000213623047,
        "Acc.train": 0.9647000122070313,
        "Acc.motorcycle": 0.7787999725341797,
        "Acc.bicycle": 0.8443000030517578
    }
}