{
    "config": "/home/sidd_s/Diffusion_conditional_prior_segmentation/DDP/segmentation/configs/acdcfoggy/ddp_convnext_l_4x4_1080x1920_test_acdcfoggy.py",
    "metric": {
        "aAcc": 0.9466,
        "mIoU": 0.7331,
        "mAcc": 0.8412999999999999,
        "IoU.road": 0.9540000152587891,
        "IoU.sidewalk": 0.8033999633789063,
        "IoU.building": 0.8736000061035156,
        "IoU.wall": 0.45990001678466796,
        "IoU.fence": 0.41650001525878905,
        "IoU.pole": 0.7037000274658203,
        "IoU.traffic light": 0.7930999755859375,
        "IoU.traffic sign": 0.7448000335693359,
        "IoU.vegetation": 0.8981999969482422,
        "IoU.terrain": 0.48650001525878905,
        "IoU.sky": 0.9804000091552735,
        "IoU.person": 0.5961000061035157,
        "IoU.rider": 0.6191999816894531,
        "IoU.car": 0.850999984741211,
        "IoU.truck": 0.8061000061035156,
        "IoU.bus": 0.7319000244140625,
        "IoU.train": 0.8283000183105469,
        "IoU.motorcycle": 0.7198999786376953,
        "IoU.bicycle": 0.6625,
        "Acc.road": 0.9591999816894531,
        "Acc.sidewalk": 0.8929000091552735,
        "Acc.building": 0.971500015258789,
        "Acc.wall": 0.5106000137329102,
        "Acc.fence": 0.42509998321533204,
        "Acc.pole": 0.8088999938964844,
        "Acc.traffic light": 0.8505000305175782,
        "Acc.traffic sign": 0.890199966430664,
        "Acc.vegetation": 0.9383999633789063,
        "Acc.terrain": 0.8126000213623047,
        "Acc.sky": 0.9918000030517579,
        "Acc.person": 0.8812999725341797,
        "Acc.rider": 0.879000015258789,
        "Acc.car": 0.9626000213623047,
        "Acc.truck": 0.9027999877929688,
        "Acc.bus": 0.7406999969482422,
        "Acc.train": 0.9712999725341797,
        "Acc.motorcycle": 0.7801000213623047,
        "Acc.bicycle": 0.8156999969482421
    }
}