{
    "config": "/home/sidd_s/Diffusion_conditional_prior_segmentation/DDP/segmentation/configs/acdcfoggy/ddp_convnext_l_4x4_1080x1920_test_acdcfoggy.py",
    "metric": {
        "aAcc": 0.9420999999999999,
        "mIoU": 0.7171,
        "mAcc": 0.8367,
        "IoU.road": 0.9536000061035156,
        "IoU.sidewalk": 0.7311000061035157,
        "IoU.building": 0.879000015258789,
        "IoU.wall": 0.4793000030517578,
        "IoU.fence": 0.41119998931884766,
        "IoU.pole": 0.6662000274658203,
        "IoU.traffic light": 0.7841000366210937,
        "IoU.traffic sign": 0.7204000091552735,
        "IoU.vegetation": 0.8968000030517578,
        "IoU.terrain": 0.3915000152587891,
        "IoU.sky": 0.9793000030517578,
        "IoU.person": 0.5843999862670899,
        "IoU.rider": 0.5993999862670898,
        "IoU.car": 0.8548999786376953,
        "IoU.truck": 0.8130999755859375,
        "IoU.bus": 0.7772000122070313,
        "IoU.train": 0.8,
        "IoU.motorcycle": 0.6752999877929687,
        "IoU.bicycle": 0.6272999954223633,
        "Acc.road": 0.9581999969482422,
        "Acc.sidewalk": 0.7998000335693359,
        "Acc.building": 0.9697000122070313,
        "Acc.wall": 0.5277999877929688,
        "Acc.fence": 0.4379999923706055,
        "Acc.pole": 0.7402999877929688,
        "Acc.traffic light": 0.8562000274658204,
        "Acc.traffic sign": 0.8765000152587891,
        "Acc.vegetation": 0.9381999969482422,
        "Acc.terrain": 0.8216000366210937,
        "Acc.sky": 0.9933999633789062,
        "Acc.person": 0.8784999847412109,
        "Acc.rider": 0.8476000213623047,
        "Acc.car": 0.9612000274658203,
        "Acc.truck": 0.9077999877929688,
        "Acc.bus": 0.7941999816894532,
        "Acc.train": 0.9756999969482422,
        "Acc.motorcycle": 0.7862999725341797,
        "Acc.bicycle": 0.8270999908447265
    }
}