{
    "config": "/home/sidd_s/Diffusion_conditional_prior_segmentation/DDP/segmentation/configs/acdcfoggy/ddp_convnext_l_4x4_1080x1920_test_acdcfoggy.py",
    "metric": {
        "aAcc": 0.9401,
        "mIoU": 0.7245999999999999,
        "mAcc": 0.8262999999999999,
        "IoU.road": 0.9551999664306641,
        "IoU.sidewalk": 0.7954000091552734,
        "IoU.building": 0.8481999969482422,
        "IoU.wall": 0.3784000015258789,
        "IoU.fence": 0.4102999877929687,
        "IoU.pole": 0.619900016784668,
        "IoU.traffic light": 0.7822000122070313,
        "IoU.traffic sign": 0.7384999847412109,
        "IoU.vegetation": 0.8812999725341797,
        "IoU.terrain": 0.5006999969482422,
        "IoU.sky": 0.9740000152587891,
        "IoU.person": 0.6487000274658203,
        "IoU.rider": 0.5754999923706055,
        "IoU.car": 0.8452999877929688,
        "IoU.truck": 0.8087999725341797,
        "IoU.bus": 0.7898999786376953,
        "IoU.train": 0.8337999725341797,
        "IoU.motorcycle": 0.7176000213623047,
        "IoU.bicycle": 0.6629000091552735,
        "Acc.road": 0.966500015258789,
        "Acc.sidewalk": 0.8859999847412109,
        "Acc.building": 0.9720999908447265,
        "Acc.wall": 0.4116999816894531,
        "Acc.fence": 0.4470000076293945,
        "Acc.pole": 0.7163999938964843,
        "Acc.traffic light": 0.8454000091552735,
        "Acc.traffic sign": 0.8645999908447266,
        "Acc.vegetation": 0.9195999908447265,
        "Acc.terrain": 0.7637000274658203,
        "Acc.sky": 0.9912000274658204,
        "Acc.person": 0.8483999633789062,
        "Acc.rider": 0.8644999694824219,
        "Acc.car": 0.9570999908447265,
        "Acc.truck": 0.9005000305175781,
        "Acc.bus": 0.805199966430664,
        "Acc.train": 0.9668000030517578,
        "Acc.motorcycle": 0.754000015258789,
        "Acc.bicycle": 0.8187000274658203
    }
}